This is XeTeX, Version 3.141592653-2.6-0.999997 (MiKTeX 25.12) (preloaded format=xelatex 2026.9.19)  19 SEP 2026 06:36
entering extended mode
 restricted \write18 enabled.
 %&-line parsing enabled.
**./Study-Handbook.tex
(Study-Handbook.tex
LaTeX2e <2025-11-01>
L3 programming layer <2025-12-24>
(C:\Users\ulhas\AppData\Local\Programs\MiKTeX\tex/latex/base\report.cls
Document Class: report 2025/01/22 v1.4n Standard LaTeX document class
(C:\Users\ulhas\AppData\Local\Programs\MiKTeX\tex/latex/base\size11.clo
File: size11.clo 2025/01/22 v1.4n Standard LaTeX file (size option)
)
\c@part=\count271
\c@chapter=\count272
\c@section=\count273
\c@subsection=\count274
\c@subsubsection=\count275
\c@paragraph=\count276
\c@subparagraph=\count277
\c@figure=\count278
\c@table=\count279
\abovecaptionskip=\skip49
\belowcaptionskip=\skip50
\bibindent=\dimen148
)
(C:\Users\ulhas\AppData\Local\Programs\MiKTeX\tex/latex/base\fontenc.sty
Package: fontenc 2025/07/18 v2.1d Standard LaTeX package
LaTeX Font Info:    Trying to load font information for T1+lmr on input line 11
6.

(C:\Users\ulhas\AppData\Local\Programs\MiKTeX\tex/latex/lm\t1lmr.fd
File: t1lmr.fd 2015/05/01 v1.6.1 Font defs for Latin Modern
))
(C:\Users\ulhas\AppData\Local\Programs\MiKTeX\tex/latex/base\inputenc.sty
Package: inputenc 2024/02/08 v1.3d Input encoding file
\inpenc@prehook=\toks17
\inpenc@posthook=\toks18


Package inputenc Warning: inputenc package ignored with utf8 based engines.

) (C:\Users\ulhas\AppData\Local\Programs\MiKTeX\tex/latex/lm\lmodern.sty
Package: lmodern 2015/05/01 v1.6.1 Latin Modern Fonts
LaTeX Font Info:    Overwriting symbol font `operators' in version `normal'
(Font)                  OT1/cmr/m/n --> OT1/lmr/m/n on input line 22.
LaTeX Font Info:    Overwriting symbol font `letters' in version `normal'
(Font)                  OML/cmm/m/it --> OML/lmm/m/it on input line 23.
LaTeX Font Info:    Overwriting symbol font `symbols' in version `normal'
(Font)                  OMS/cmsy/m/n --> OMS/lmsy/m/n on input line 24.
LaTeX Font Info:    Overwriting symbol font `largesymbols' in version `normal'
(Font)                  OMX/cmex/m/n --> OMX/lmex/m/n on input line 25.
LaTeX Font Info:    Overwriting symbol font `operators' in version `bold'
(Font)                  OT1/cmr/bx/n --> OT1/lmr/bx/n on input line 26.
LaTeX Font Info:    Overwriting symbol font `letters' in version `bold'
(Font)                  OML/cmm/b/it --> OML/lmm/b/it on input line 27.
LaTeX Font Info:    Overwriting symbol font `symbols' in version `bold'
(Font)                  OMS/cmsy/b/n --> OMS/lmsy/b/n on input line 28.
LaTeX Font Info:    Overwriting symbol font `largesymbols' in version `bold'
(Font)                  OMX/cmex/m/n --> OMX/lmex/m/n on input line 29.
LaTeX Font Info:    Overwriting math alphabet `\mathbf' in version `normal'
(Font)                  OT1/cmr/bx/n --> OT1/lmr/bx/n on input line 31.
LaTeX Font Info:    Overwriting math alphabet `\mathsf' in version `normal'
(Font)                  OT1/cmss/m/n --> OT1/lmss/m/n on input line 32.
LaTeX Font Info:    Overwriting math alphabet `\mathit' in version `normal'
(Font)                  OT1/cmr/m/it --> OT1/lmr/m/it on input line 33.
LaTeX Font Info:    Overwriting math alphabet `\mathtt' in version `normal'
(Font)                  OT1/cmtt/m/n --> OT1/lmtt/m/n on input line 34.
LaTeX Font Info:    Overwriting math alphabet `\mathbf' in version `bold'
(Font)                  OT1/cmr/bx/n --> OT1/lmr/bx/n on input line 35.
LaTeX Font Info:    Overwriting math alphabet `\mathsf' in version `bold'
(Font)                  OT1/cmss/bx/n --> OT1/lmss/bx/n on input line 36.
LaTeX Font Info:    Overwriting math alphabet `\mathit' in version `bold'
(Font)                  OT1/cmr/bx/it --> OT1/lmr/bx/it on input line 37.
LaTeX Font Info:    Overwriting math alphabet `\mathtt' in version `bold'
(Font)                  OT1/cmtt/m/n --> OT1/lmtt/m/n on input line 38.
)
(C:\Users\ulhas\AppData\Local\Programs\MiKTeX\tex/latex/psnfss\helvet.sty
Package: helvet 2020/03/25 PSNFSS-v9.3 (WaS) 

(C:\Users\ulhas\AppData\Local\Programs\MiKTeX\tex/latex/graphics\keyval.sty
Package: keyval 2022/05/29 v1.15 key=value parser (DPC)
\KV@toks@=\toks19
))
(C:\Users\ulhas\AppData\Local\Programs\MiKTeX\tex/latex/inconsolata\inconsolata
.sty
Package: inconsolata 2019/05/17 v1.12
 `inconsolata-zi4' v1.12, 2019/05/17 Text macros for Inconsolata (msharpe)
(C:\Users\ulhas\AppData\Local\Programs\MiKTeX\tex/latex/base\textcomp.sty
Package: textcomp 2024/04/24 v2.1b Standard LaTeX package
)
(C:\Users\ulhas\AppData\Local\Programs\MiKTeX\tex/latex/xkeyval\xkeyval.sty
Package: xkeyval 2022/06/16 v2.9 package option processing (HA)

(C:\Users\ulhas\AppData\Local\Programs\MiKTeX\tex/generic/xkeyval\xkeyval.tex
(C:\Users\ulhas\AppData\Local\Programs\MiKTeX\tex/generic/xkeyval\xkvutils.tex
\XKV@toks=\toks20
\XKV@tempa@toks=\toks21
)
\XKV@depth=\count280
File: xkeyval.tex 2014/12/03 v2.7a key=value parser (HA)
))
\zifour@ocount=\count281
)
(C:\Users\ulhas\AppData\Local\Programs\MiKTeX\tex/latex/microtype\microtype.sty
Package: microtype 2026/03/01 v3.2d Micro-typographical refinements (RS)
(C:\Users\ulhas\AppData\Local\Programs\MiKTeX\tex/latex/etoolbox\etoolbox.sty
Package: etoolbox 2025/10/02 v2.5m e-TeX tools for LaTeX (JAW)
\etb@tempcnta=\count282
)
\MT@toks=\toks22
\MT@tempbox=\box53
\MT@count=\count283
LaTeX Info: Redefining \noprotrusionifhmode on input line 1084.
LaTeX Info: Redefining \leftprotrusion on input line 1085.
\MT@prot@toks=\toks23
LaTeX Info: Redefining \rightprotrusion on input line 1104.
LaTeX Info: Redefining \textls on input line 1449.
\MT@outer@kern=\dimen149
LaTeX Info: Redefining \microtypecontext on input line 2053.
LaTeX Info: Redefining \textmicrotypecontext on input line 2070.
\MT@listname@count=\count284

(C:\Users\ulhas\AppData\Local\Programs\MiKTeX\tex/latex/microtype\microtype-xet
ex.def
File: microtype-xetex.def 2026/03/01 v3.2d Definitions specific to xetex (RS)
LaTeX Info: Redefining \lsstyle on input line 443.
LaTeX Info: Redefining \lslig on input line 451.
\MT@outer@space=\skip51
)
Package microtype Info: Loading configuration file microtype.cfg.

(C:\Users\ulhas\AppData\Local\Programs\MiKTeX\tex/latex/microtype\microtype.cfg
File: microtype.cfg 2026/03/01 v3.2d microtype main configuration file (RS)
)
LaTeX Info: Redefining \microtypesetup on input line 3065.
)
(C:\Users\ulhas\AppData\Local\Programs\MiKTeX\tex/latex/geometry\geometry.sty
Package: geometry 2026/03/07 v6.0 Page Geometry

(C:\Users\ulhas\AppData\Local\Programs\MiKTeX\tex/generic/iftex\ifvtex.sty
Package: ifvtex 2019/10/25 v1.7 ifvtex legacy package. Use iftex instead.

(C:\Users\ulhas\AppData\Local\Programs\MiKTeX\tex/generic/iftex\iftex.sty
Package: iftex 2024/12/12 v1.0g TeX engine tests
))
\Gm@cnth=\count285
\Gm@cntv=\count286
\c@Gm@tempcnt=\count287
\Gm@bindingoffset=\dimen150
\Gm@wd@mp=\dimen151
\Gm@odd@mp=\dimen152
\Gm@even@mp=\dimen153
\Gm@layoutwidth=\dimen154
\Gm@layoutheight=\dimen155
\Gm@layouthoffset=\dimen156
\Gm@layoutvoffset=\dimen157
\Gm@dimlist=\toks24

(C:\Users\ulhas\AppData\Local\Programs\MiKTeX\tex/latex/geometry\geometry.cfg))
(C:\Users\ulhas\AppData\Local\Programs\MiKTeX\tex/latex/amsmath\amsmath.sty
Package: amsmath 2025/07/09 v2.17z AMS math features
\@mathmargin=\skip52

For additional information on amsmath, use the `?' option.
(C:\Users\ulhas\AppData\Local\Programs\MiKTeX\tex/latex/amsmath\amstext.sty
Package: amstext 2024/11/17 v2.01 AMS text

(C:\Users\ulhas\AppData\Local\Programs\MiKTeX\tex/latex/amsmath\amsgen.sty
File: amsgen.sty 1999/11/30 v2.0 generic functions
\@emptytoks=\toks25
\ex@=\dimen158
))
(C:\Users\ulhas\AppData\Local\Programs\MiKTeX\tex/latex/amsmath\amsbsy.sty
Package: amsbsy 1999/11/29 v1.2d Bold Symbols
\pmbraise@=\dimen159
)
(C:\Users\ulhas\AppData\Local\Programs\MiKTeX\tex/latex/amsmath\amsopn.sty
Package: amsopn 2022/04/08 v2.04 operator names
)
\inf@bad=\count288
LaTeX Info: Redefining \frac on input line 233.
\uproot@=\count289
\leftroot@=\count290
LaTeX Info: Redefining \overline on input line 398.
LaTeX Info: Redefining \colon on input line 409.
\classnum@=\count291
\DOTSCASE@=\count292
LaTeX Info: Redefining \ldots on input line 495.
LaTeX Info: Redefining \dots on input line 498.
LaTeX Info: Redefining \cdots on input line 619.
\Mathstrutbox@=\box54
\strutbox@=\box55
LaTeX Info: Redefining \big on input line 721.
LaTeX Info: Redefining \Big on input line 722.
LaTeX Info: Redefining \bigg on input line 723.
LaTeX Info: Redefining \Bigg on input line 724.
\big@size=\dimen160
LaTeX Font Info:    Redeclaring font encoding OML on input line 742.
LaTeX Font Info:    Redeclaring font encoding OMS on input line 743.
\macc@depth=\count293
LaTeX Info: Redefining \bmod on input line 904.
LaTeX Info: Redefining \pmod on input line 909.
LaTeX Info: Redefining \smash on input line 939.
LaTeX Info: Redefining \relbar on input line 969.
LaTeX Info: Redefining \Relbar on input line 970.
\c@MaxMatrixCols=\count294
\dotsspace@=\muskip17
\c@parentequation=\count295
\dspbrk@lvl=\count296
\tag@help=\toks26
\row@=\count297
\column@=\count298
\maxfields@=\count299
\andhelp@=\toks27
\eqnshift@=\dimen161
\alignsep@=\dimen162
\tagshift@=\dimen163
\tagwidth@=\dimen164
\totwidth@=\dimen165
\lineht@=\dimen166
\@envbody=\toks28
\multlinegap=\skip53
\multlinetaggap=\skip54
\mathdisplay@stack=\toks29
LaTeX Info: Redefining \[ on input line 2950.
LaTeX Info: Redefining \] on input line 2951.
)
(C:\Users\ulhas\AppData\Local\Programs\MiKTeX\tex/latex/amsfonts\amssymb.sty
Package: amssymb 2013/01/14 v3.01 AMS font symbols

(C:\Users\ulhas\AppData\Local\Programs\MiKTeX\tex/latex/amsfonts\amsfonts.sty
Package: amsfonts 2013/01/14 v3.01 Basic AMSFonts support
\symAMSa=\mathgroup4
\symAMSb=\mathgroup5
LaTeX Font Info:    Redeclaring math symbol \hbar on input line 98.
LaTeX Font Info:    Overwriting math alphabet `\mathfrak' in version `bold'
(Font)                  U/euf/m/n --> U/euf/b/n on input line 106.
)) (C:\Users\ulhas\AppData\Local\Programs\MiKTeX\tex/latex/graphics\graphicx.st
y
Package: graphicx 2024/12/31 v1.2e Enhanced LaTeX Graphics (DPC,SPQR)

(C:\Users\ulhas\AppData\Local\Programs\MiKTeX\tex/latex/graphics\graphics.sty
Package: graphics 2024/08/06 v1.4g Standard LaTeX Graphics (DPC,SPQR)

(C:\Users\ulhas\AppData\Local\Programs\MiKTeX\tex/latex/graphics\trig.sty
Package: trig 2023/12/02 v1.11 sin cos tan (DPC)
)
(C:\Users\ulhas\AppData\Local\Programs\MiKTeX\tex/latex/graphics-cfg\graphics.c
fg
File: graphics.cfg 2016/06/04 v1.11 sample graphics configuration
)
Package graphics Info: Driver file: xetex.def on input line 106.

(C:\Users\ulhas\AppData\Local\Programs\MiKTeX\tex/latex/graphics-def\xetex.def
File: xetex.def 2025/11/01 v5.0p Graphics/color driver for xetex
))
\Gin@req@height=\dimen167
\Gin@req@width=\dimen168
) (C:\Users\ulhas\AppData\Local\Programs\MiKTeX\tex/latex/xcolor\xcolor.sty
Package: xcolor 2024/09/29 v3.02 LaTeX color extensions (UK)

(C:\Users\ulhas\AppData\Local\Programs\MiKTeX\tex/latex/graphics-cfg\color.cfg
File: color.cfg 2016/01/02 v1.6 sample color configuration
)
Package xcolor Info: Driver file: xetex.def on input line 274.
(C:\Users\ulhas\AppData\Local\Programs\MiKTeX\tex/latex/graphics\mathcolor.ltx)
Package xcolor Info: Model `cmy' substituted by `cmy0' on input line 1349.
Package xcolor Info: Model `RGB' extended on input line 1365.
Package xcolor Info: Model `HTML' substituted by `rgb' on input line 1367.
Package xcolor Info: Model `Hsb' substituted by `hsb' on input line 1368.
Package xcolor Info: Model `tHsb' substituted by `hsb' on input line 1369.
Package xcolor Info: Model `HSB' substituted by `hsb' on input line 1370.
Package xcolor Info: Model `Gray' substituted by `gray' on input line 1371.
Package xcolor Info: Model `wave' substituted by `hsb' on input line 1372.
) (C:\Users\ulhas\AppData\Local\Programs\MiKTeX\tex/latex/colortbl\colortbl.sty
Package: colortbl 2026/05/01 v1.0l Color table columns (DPC)
(C:\Users\ulhas\AppData\Local\Programs\MiKTeX\tex/latex/tools\array.sty
Package: array 2025/09/25 v2.6n Tabular extension package (FMi)
\col@sep=\dimen169
\ar@mcellbox=\box56
\extrarowheight=\dimen170
\NC@list=\toks30
\extratabsurround=\skip55
\backup@length=\skip56
\ar@cellbox=\box57
)
\everycr=\toks31
\minrowclearance=\skip57
\rownum=\count300
)
(C:\Users\ulhas\AppData\Local\Programs\MiKTeX\tex/latex/booktabs\booktabs.sty
Package: booktabs 2020/01/12 v1.61803398 Publication quality tables
\heavyrulewidth=\dimen171
\lightrulewidth=\dimen172
\cmidrulewidth=\dimen173
\belowrulesep=\dimen174
\belowbottomsep=\dimen175
\aboverulesep=\dimen176
\abovetopsep=\dimen177
\cmidrulesep=\dimen178
\cmidrulekern=\dimen179
\defaultaddspace=\dimen180
\@cmidla=\count301
\@cmidlb=\count302
\@aboverulesep=\dimen181
\@belowrulesep=\dimen182
\@thisruleclass=\count303
\@lastruleclass=\count304
\@thisrulewidth=\dimen183
)
(C:\Users\ulhas\AppData\Local\Programs\MiKTeX\tex/latex/tools\tabularx.sty
Package: tabularx 2023/12/11 v2.12a `tabularx' package (DPC)
\TX@col@width=\dimen184
\TX@old@table=\dimen185
\TX@old@col=\dimen186
\TX@target=\dimen187
\TX@delta=\dimen188
\TX@cols=\count305
\TX@ftn=\toks32
)
(C:\Users\ulhas\AppData\Local\Programs\MiKTeX\tex/latex/tools\longtable.sty
Package: longtable 2025-10-13 v4.24 Multi-page Table package (DPC)
\LTleft=\skip58
\LTright=\skip59
\LTpre=\skip60
\LTpost=\skip61
\LTchunksize=\count306
\LTcapwidth=\dimen189
\LT@head=\box58
\LT@firsthead=\box59
\LT@foot=\box60
\LT@lastfoot=\box61
\LT@gbox=\box62
\LT@cols=\count307
\LT@rows=\count308
\c@LT@tables=\count309
\c@LT@chunks=\count310
\LT@p@ftn=\toks33
)
(C:\Users\ulhas\AppData\Local\Programs\MiKTeX\tex/latex/enumitem\enumitem.sty
Package: enumitem 2025/02/06 v3.11 Customized lists
\labelindent=\skip62
\enit@outerparindent=\dimen190
\enit@toks=\toks34
\enit@inbox=\box63
\enit@count@id=\count311
\enitdp@description=\count312
)
(C:\Users\ulhas\AppData\Local\Programs\MiKTeX\tex/latex/caption\caption.sty
Package: caption 2023/08/05 v3.6o Customizing captions (AR)

(C:\Users\ulhas\AppData\Local\Programs\MiKTeX\tex/latex/caption\caption3.sty
Package: caption3 2023/07/31 v2.4d caption3 kernel (AR)
\caption@tempdima=\dimen191
\captionmargin=\dimen192
\caption@leftmargin=\dimen193
\caption@rightmargin=\dimen194
\caption@width=\dimen195
\caption@indent=\dimen196
\caption@parindent=\dimen197
\caption@hangindent=\dimen198
Package caption Info: Standard document class detected.
)
\c@caption@flags=\count313
\c@continuedfloat=\count314
Package caption Info: longtable package is loaded.

(C:\Users\ulhas\AppData\Local\Programs\MiKTeX\tex/latex/caption\ltcaption.sty
Package: ltcaption 2021/01/08 v1.4c longtable captions (AR)
))
(C:\Users\ulhas\AppData\Local\Programs\MiKTeX\tex/latex/needspace\needspace.sty
Package: needspace 2025/03/13 v1.3e reserve vertical space
)
(C:\Users\ulhas\AppData\Local\Programs\MiKTeX\tex/latex/emptypage\emptypage.sty
Package: emptypage 2010/05/30 v1.2 Suppress page numbers and headings on empty 
pages
) (C:\Users\ulhas\AppData\Local\Programs\MiKTeX\tex/latex/fancyhdr\fancyhdr.sty
Package: fancyhdr 2025/02/07 v5.2 Extensive control of page headers and footers

\f@nch@headwidth=\skip63
\f@nch@offset@elh=\skip64
\f@nch@offset@erh=\skip65
\f@nch@offset@olh=\skip66
\f@nch@offset@orh=\skip67
\f@nch@offset@elf=\skip68
\f@nch@offset@erf=\skip69
\f@nch@offset@olf=\skip70
\f@nch@offset@orf=\skip71
\f@nch@height=\skip72
\f@nch@footalignment=\skip73
\f@nch@widthL=\skip74
\f@nch@widthC=\skip75
\f@nch@widthR=\skip76
\@temptokenb=\toks35
) (C:\Users\ulhas\AppData\Local\Programs\MiKTeX\tex/latex/titlesec\titlesec.sty
Package: titlesec 2025/01/04 v2.17 Sectioning titles
\ttl@box=\box64
\beforetitleunit=\skip77
\aftertitleunit=\skip78
\ttl@plus=\dimen199
\ttl@minus=\dimen256
\ttl@toksa=\toks36
\titlewidth=\dimen257
\titlewidthlast=\dimen258
\titlewidthfirst=\dimen259
) (C:\Users\ulhas\AppData\Local\Programs\MiKTeX\tex/latex/tocloft\tocloft.sty
Package: tocloft 2026-08-21 v3.0b parameterised ToC, etc., typesetting
Package tocloft Info: The document has chapter divisions on input line 64.
\cftparskip=\skip79
\cftbeforetoctitleskip=\skip80
\cftaftertoctitleskip=\skip81
\cftbeforepartskip=\skip82
\cftpartnumwidth=\skip83
\cftpartindent=\skip84
\cftbeforechapskip=\skip85
\cftchapindent=\skip86
\cftchapnumwidth=\skip87
\cftbeforesecskip=\skip88
\cftsecindent=\skip89
\cftsecnumwidth=\skip90
\cftbeforesubsecskip=\skip91
\cftsubsecindent=\skip92
\cftsubsecnumwidth=\skip93
\cftbeforesubsubsecskip=\skip94
\cftsubsubsecindent=\skip95
\cftsubsubsecnumwidth=\skip96
\cftbeforeparaskip=\skip97
\cftparaindent=\skip98
\cftparanumwidth=\skip99
\cftbeforesubparaskip=\skip100
\cftsubparaindent=\skip101
\cftsubparanumwidth=\skip102
\cftbeforeloftitleskip=\skip103
\cftafterloftitleskip=\skip104
\cftbeforefigskip=\skip105
\cftfigindent=\skip106
\cftfignumwidth=\skip107
\c@lofdepth=\count315
\c@lotdepth=\count316
\cftbeforelottitleskip=\skip108
\cftafterlottitleskip=\skip109
\cftbeforetabskip=\skip110
\cfttabindent=\skip111
\cfttabnumwidth=\skip112
)
(C:\Users\ulhas\AppData\Local\Programs\MiKTeX\tex/latex/hyperref\hyperref.sty
Package: hyperref 2025-07-12 v7.01o Hypertext links for LaTeX

(C:\Users\ulhas\AppData\Local\Programs\MiKTeX\tex/latex/kvsetkeys\kvsetkeys.sty
Package: kvsetkeys 2022-10-05 v1.19 Key value parser (HO)
)
(C:\Users\ulhas\AppData\Local\Programs\MiKTeX\tex/generic/kvdefinekeys\kvdefine
keys.sty
Package: kvdefinekeys 2019-12-19 v1.6 Define keys (HO)
)
(C:\Users\ulhas\AppData\Local\Programs\MiKTeX\tex/generic/pdfescape\pdfescape.s
ty
Package: pdfescape 2019/12/09 v1.15 Implements pdfTeX's escape features (HO)

(C:\Users\ulhas\AppData\Local\Programs\MiKTeX\tex/generic/ltxcmds\ltxcmds.sty
Package: ltxcmds 2023-12-04 v1.26 LaTeX kernel commands for general use (HO)
)
(C:\Users\ulhas\AppData\Local\Programs\MiKTeX\tex/generic/pdftexcmds\pdftexcmds
.sty
Package: pdftexcmds 2020-06-27 v0.33 Utility functions of pdfTeX for LuaTeX (HO
)

(C:\Users\ulhas\AppData\Local\Programs\MiKTeX\tex/generic/infwarerr\infwarerr.s
ty
Package: infwarerr 2019/12/03 v1.5 Providing info/warning/error messages (HO)
)
Package pdftexcmds Info: \pdf@primitive is available.
Package pdftexcmds Info: \pdf@ifprimitive is available.
Package pdftexcmds Info: \pdfdraftmode not found.
))
(C:\Users\ulhas\AppData\Local\Programs\MiKTeX\tex/latex/hycolor\hycolor.sty
Package: hycolor 2020-01-27 v1.10 Color options for hyperref/bookmark (HO)
)
(C:\Users\ulhas\AppData\Local\Programs\MiKTeX\tex/latex/hyperref\nameref.sty
Package: nameref 2025-06-21 v2.57 Cross-referencing by name of section

(C:\Users\ulhas\AppData\Local\Programs\MiKTeX\tex/latex/refcount\refcount.sty
Package: refcount 2019/12/15 v3.6 Data extraction from label references (HO)
)
(C:\Users\ulhas\AppData\Local\Programs\MiKTeX\tex/generic/gettitlestring\gettit
lestring.sty
Package: gettitlestring 2019/12/15 v1.6 Cleanup title references (HO)

(C:\Users\ulhas\AppData\Local\Programs\MiKTeX\tex/latex/kvoptions\kvoptions.sty
Package: kvoptions 2022-06-15 v3.15 Key value format for package options (HO)
))
\c@section@level=\count317
)
(C:\Users\ulhas\AppData\Local\Programs\MiKTeX\tex/generic/stringenc\stringenc.s
ty
Package: stringenc 2019/11/29 v1.12 Convert strings between diff. encodings (HO
)
)
\@linkdim=\dimen260
\Hy@linkcounter=\count318
\Hy@pagecounter=\count319
 (C:\Users\ulhas\AppData\Local\Programs\MiKTeX\tex/latex/hyperref\pd1enc.def
File: pd1enc.def 2025-07-12 v7.01o Hyperref: PDFDocEncoding definition (HO)
) (C:\Users\ulhas\AppData\Local\Programs\MiKTeX\tex/generic/intcalc\intcalc.sty
Package: intcalc 2019/12/15 v1.3 Expandable calculations with integers (HO)
)
\Hy@SavedSpaceFactor=\count320
 (C:\Users\ulhas\AppData\Local\Programs\MiKTeX\tex/latex/hyperref\puenc.def
File: puenc.def 2025-07-12 v7.01o Hyperref: PDF Unicode definition (HO)
)
Package hyperref Info: Option `colorlinks' set `true' on input line 4066.
Package hyperref Info: Hyper figures OFF on input line 4195.
Package hyperref Info: Link nesting OFF on input line 4200.
Package hyperref Info: Hyper index ON on input line 4203.
Package hyperref Info: Plain pages OFF on input line 4210.
Package hyperref Info: Backreferencing OFF on input line 4215.
Package hyperref Info: Implicit mode ON; LaTeX internals redefined.
Package hyperref Info: Bookmarks ON on input line 4462.
\c@Hy@tempcnt=\count321

(C:\Users\ulhas\AppData\Local\Programs\MiKTeX\tex/latex/url\url.sty
\Urlmuskip=\muskip18
Package: url 2013/09/16  ver 3.4  Verb mode for urls, etc.
)
LaTeX Info: Redefining \url on input line 4801.
\XeTeXLinkMargin=\dimen261

(C:\Users\ulhas\AppData\Local\Programs\MiKTeX\tex/generic/bitset\bitset.sty
Package: bitset 2019/12/09 v1.3 Handle bit-vector datatype (HO)

(C:\Users\ulhas\AppData\Local\Programs\MiKTeX\tex/generic/bigintcalc\bigintcalc
.sty
Package: bigintcalc 2019/12/15 v1.5 Expandable calculations on big integers (HO
)
))
\Fld@menulength=\count322
\Field@Width=\dimen262
\Fld@charsize=\dimen263
Package hyperref Info: Hyper figures OFF on input line 6078.
Package hyperref Info: Link nesting OFF on input line 6083.
Package hyperref Info: Hyper index ON on input line 6086.
Package hyperref Info: backreferencing OFF on input line 6093.
Package hyperref Info: Link coloring ON on input line 6096.
Package hyperref Info: Link coloring with OCG OFF on input line 6103.
Package hyperref Info: PDF/A mode OFF on input line 6108.
\Hy@abspage=\count323
\c@Item=\count324
\c@Hfootnote=\count325
)
Package hyperref Info: Driver (autodetected): hxetex.

(C:\Users\ulhas\AppData\Local\Programs\MiKTeX\tex/latex/hyperref\hxetex.def
File: hxetex.def 2025-07-12 v7.01o Hyperref driver for XeTeX
\pdfm@box=\box65
\c@Hy@AnnotLevel=\count326
\HyField@AnnotCount=\count327
\Fld@listcount=\count328
\c@bookmark@seq@number=\count329

(C:\Users\ulhas\AppData\Local\Programs\MiKTeX\tex/latex/rerunfilecheck\rerunfil
echeck.sty
Package: rerunfilecheck 2025-06-21 v1.11 Rerun checks for auxiliary files (HO)

(C:\Users\ulhas\AppData\Local\Programs\MiKTeX\tex/generic/uniquecounter\uniquec
ounter.sty
Package: uniquecounter 2019/12/15 v1.4 Provide unlimited unique counter (HO)
)
Package uniquecounter Info: New unique counter `rerunfilecheck' on input line 2
84.
)
\Hy@SectionHShift=\skip113
)
(C:\Users\ulhas\AppData\Local\Programs\MiKTeX\tex/latex/tcolorbox\tcolorbox.sty
Package: tcolorbox 2025/11/28 version 6.9.0 text color boxes

(C:\Users\ulhas\AppData\Local\Programs\MiKTeX\tex/latex/pgf/frontendlayer\tikz.
sty
(C:\Users\ulhas\AppData\Local\Programs\MiKTeX\tex/latex/pgf/basiclayer\pgf.sty
(C:\Users\ulhas\AppData\Local\Programs\MiKTeX\tex/latex/pgf/utilities\pgfrcs.st
y
(C:\Users\ulhas\AppData\Local\Programs\MiKTeX\tex/generic/pgf/utilities\pgfutil
-common.tex
\pgfutil@everybye=\toks37
\pgfutil@tempdima=\dimen264
\pgfutil@tempdimb=\dimen265
)
(C:\Users\ulhas\AppData\Local\Programs\MiKTeX\tex/generic/pgf/utilities\pgfutil
-latex.def
\pgfutil@abb=\box66
)
(C:\Users\ulhas\AppData\Local\Programs\MiKTeX\tex/generic/pgf/utilities\pgfrcs.
code.tex
(C:\Users\ulhas\AppData\Local\Programs\MiKTeX\tex/generic/pgf\pgf.revision.tex)
Package: pgfrcs 2025-08-29 v3.1.11a (3.1.11a)
))
Package: pgf 2025-08-29 v3.1.11a (3.1.11a)

(C:\Users\ulhas\AppData\Local\Programs\MiKTeX\tex/latex/pgf/basiclayer\pgfcore.
sty
(C:\Users\ulhas\AppData\Local\Programs\MiKTeX\tex/latex/pgf/systemlayer\pgfsys.
sty
(C:\Users\ulhas\AppData\Local\Programs\MiKTeX\tex/generic/pgf/systemlayer\pgfsy
s.code.tex
Package: pgfsys 2025-08-29 v3.1.11a (3.1.11a)

(C:\Users\ulhas\AppData\Local\Programs\MiKTeX\tex/generic/pgf/utilities\pgfkeys
.code.tex
\pgfkeys@pathtoks=\toks38
\pgfkeys@temptoks=\toks39

(C:\Users\ulhas\AppData\Local\Programs\MiKTeX\tex/generic/pgf/utilities\pgfkeys
libraryfiltered.code.tex
\pgfkeys@tmptoks=\toks40
))
\pgf@x=\dimen266
\pgf@y=\dimen267
\pgf@xa=\dimen268
\pgf@ya=\dimen269
\pgf@xb=\dimen270
\pgf@yb=\dimen271
\pgf@xc=\dimen272
\pgf@yc=\dimen273
\pgf@xd=\dimen274
\pgf@yd=\dimen275
\w@pgf@writea=\write3
\r@pgf@reada=\read2
\c@pgf@counta=\count330
\c@pgf@countb=\count331
\c@pgf@countc=\count332
\c@pgf@countd=\count333
\t@pgf@toka=\toks41
\t@pgf@tokb=\toks42
\t@pgf@tokc=\toks43
\pgf@sys@id@count=\count334

(C:\Users\ulhas\AppData\Local\Programs\MiKTeX\tex/generic/pgf/systemlayer\pgf.c
fg
File: pgf.cfg 2025-08-29 v3.1.11a (3.1.11a)
)
Driver file for pgf: pgfsys-xetex.def

(C:\Users\ulhas\AppData\Local\Programs\MiKTeX\tex/generic/pgf/systemlayer\pgfsy
s-xetex.def
File: pgfsys-xetex.def 2025-08-29 v3.1.11a (3.1.11a)

(C:\Users\ulhas\AppData\Local\Programs\MiKTeX\tex/generic/pgf/systemlayer\pgfsy
s-dvipdfmx.def
File: pgfsys-dvipdfmx.def 2025-08-29 v3.1.11a (3.1.11a)

(C:\Users\ulhas\AppData\Local\Programs\MiKTeX\tex/generic/pgf/systemlayer\pgfsy
s-common-pdf.def
File: pgfsys-common-pdf.def 2025-08-29 v3.1.11a (3.1.11a)
)
\pgfsys@objnum=\count335
)))
(C:\Users\ulhas\AppData\Local\Programs\MiKTeX\tex/generic/pgf/systemlayer\pgfsy
ssoftpath.code.tex
File: pgfsyssoftpath.code.tex 2025-08-29 v3.1.11a (3.1.11a)
\pgfsyssoftpath@smallbuffer@items=\count336
\pgfsyssoftpath@bigbuffer@items=\count337
)
(C:\Users\ulhas\AppData\Local\Programs\MiKTeX\tex/generic/pgf/systemlayer\pgfsy
sprotocol.code.tex
File: pgfsysprotocol.code.tex 2025-08-29 v3.1.11a (3.1.11a)
))
(C:\Users\ulhas\AppData\Local\Programs\MiKTeX\tex/generic/pgf/basiclayer\pgfcor
e.code.tex
Package: pgfcore 2025-08-29 v3.1.11a (3.1.11a)

(C:\Users\ulhas\AppData\Local\Programs\MiKTeX\tex/generic/pgf/math\pgfmath.code
.tex
(C:\Users\ulhas\AppData\Local\Programs\MiKTeX\tex/generic/pgf/math\pgfmathutil.
code.tex)
(C:\Users\ulhas\AppData\Local\Programs\MiKTeX\tex/generic/pgf/math\pgfmathparse
r.code.tex
\pgfmath@dimen=\dimen276
\pgfmath@count=\count338
\pgfmath@box=\box67
\pgfmath@toks=\toks44
\pgfmath@stack@operand=\toks45
\pgfmath@stack@operation=\toks46
)
(C:\Users\ulhas\AppData\Local\Programs\MiKTeX\tex/generic/pgf/math\pgfmathfunct
ions.code.tex)
(C:\Users\ulhas\AppData\Local\Programs\MiKTeX\tex/generic/pgf/math\pgfmathfunct
ions.basic.code.tex)
(C:\Users\ulhas\AppData\Local\Programs\MiKTeX\tex/generic/pgf/math\pgfmathfunct
ions.trigonometric.code.tex)
(C:\Users\ulhas\AppData\Local\Programs\MiKTeX\tex/generic/pgf/math\pgfmathfunct
ions.random.code.tex)
(C:\Users\ulhas\AppData\Local\Programs\MiKTeX\tex/generic/pgf/math\pgfmathfunct
ions.comparison.code.tex)
(C:\Users\ulhas\AppData\Local\Programs\MiKTeX\tex/generic/pgf/math\pgfmathfunct
ions.base.code.tex)
(C:\Users\ulhas\AppData\Local\Programs\MiKTeX\tex/generic/pgf/math\pgfmathfunct
ions.round.code.tex)
(C:\Users\ulhas\AppData\Local\Programs\MiKTeX\tex/generic/pgf/math\pgfmathfunct
ions.misc.code.tex)
(C:\Users\ulhas\AppData\Local\Programs\MiKTeX\tex/generic/pgf/math\pgfmathfunct
ions.integerarithmetics.code.tex)
(C:\Users\ulhas\AppData\Local\Programs\MiKTeX\tex/generic/pgf/math\pgfmathcalc.
code.tex)
(C:\Users\ulhas\AppData\Local\Programs\MiKTeX\tex/generic/pgf/math\pgfmathfloat
.code.tex
\c@pgfmathroundto@lastzeros=\count339
))
(C:\Users\ulhas\AppData\Local\Programs\MiKTeX\tex/generic/pgf/math\pgfint.code.
tex)
(C:\Users\ulhas\AppData\Local\Programs\MiKTeX\tex/generic/pgf/basiclayer\pgfcor
epoints.code.tex
File: pgfcorepoints.code.tex 2025-08-29 v3.1.11a (3.1.11a)
\pgf@picminx=\dimen277
\pgf@picmaxx=\dimen278
\pgf@picminy=\dimen279
\pgf@picmaxy=\dimen280
\pgf@pathminx=\dimen281
\pgf@pathmaxx=\dimen282
\pgf@pathminy=\dimen283
\pgf@pathmaxy=\dimen284
\pgf@xx=\dimen285
\pgf@xy=\dimen286
\pgf@yx=\dimen287
\pgf@yy=\dimen288
\pgf@zx=\dimen289
\pgf@zy=\dimen290
)
(C:\Users\ulhas\AppData\Local\Programs\MiKTeX\tex/generic/pgf/basiclayer\pgfcor
epathconstruct.code.tex
File: pgfcorepathconstruct.code.tex 2025-08-29 v3.1.11a (3.1.11a)
\pgf@path@lastx=\dimen291
\pgf@path@lasty=\dimen292
)
(C:\Users\ulhas\AppData\Local\Programs\MiKTeX\tex/generic/pgf/basiclayer\pgfcor
epathusage.code.tex
File: pgfcorepathusage.code.tex 2025-08-29 v3.1.11a (3.1.11a)
\pgf@shorten@end@additional=\dimen293
\pgf@shorten@start@additional=\dimen294
)
(C:\Users\ulhas\AppData\Local\Programs\MiKTeX\tex/generic/pgf/basiclayer\pgfcor
escopes.code.tex
File: pgfcorescopes.code.tex 2025-08-29 v3.1.11a (3.1.11a)
\pgfpic=\box68
\pgf@hbox=\box69
\pgf@layerbox@main=\box70
\pgf@picture@serial@count=\count340
)
(C:\Users\ulhas\AppData\Local\Programs\MiKTeX\tex/generic/pgf/basiclayer\pgfcor
egraphicstate.code.tex
File: pgfcoregraphicstate.code.tex 2025-08-29 v3.1.11a (3.1.11a)
\pgflinewidth=\dimen295
)
(C:\Users\ulhas\AppData\Local\Programs\MiKTeX\tex/generic/pgf/basiclayer\pgfcor
etransformations.code.tex
File: pgfcoretransformations.code.tex 2025-08-29 v3.1.11a (3.1.11a)
\pgf@pt@x=\dimen296
\pgf@pt@y=\dimen297
\pgf@pt@temp=\dimen298
)
(C:\Users\ulhas\AppData\Local\Programs\MiKTeX\tex/generic/pgf/basiclayer\pgfcor
equick.code.tex
File: pgfcorequick.code.tex 2025-08-29 v3.1.11a (3.1.11a)
)
(C:\Users\ulhas\AppData\Local\Programs\MiKTeX\tex/generic/pgf/basiclayer\pgfcor
eobjects.code.tex
File: pgfcoreobjects.code.tex 2025-08-29 v3.1.11a (3.1.11a)
)
(C:\Users\ulhas\AppData\Local\Programs\MiKTeX\tex/generic/pgf/basiclayer\pgfcor
epathprocessing.code.tex
File: pgfcorepathprocessing.code.tex 2025-08-29 v3.1.11a (3.1.11a)
)
(C:\Users\ulhas\AppData\Local\Programs\MiKTeX\tex/generic/pgf/basiclayer\pgfcor
earrows.code.tex
File: pgfcorearrows.code.tex 2025-08-29 v3.1.11a (3.1.11a)
\pgfarrowsep=\dimen299
)
(C:\Users\ulhas\AppData\Local\Programs\MiKTeX\tex/generic/pgf/basiclayer\pgfcor
eshade.code.tex
File: pgfcoreshade.code.tex 2025-08-29 v3.1.11a (3.1.11a)
\pgf@max=\dimen300
\pgf@sys@shading@range@num=\count341
\pgf@shadingcount=\count342
)
(C:\Users\ulhas\AppData\Local\Programs\MiKTeX\tex/generic/pgf/basiclayer\pgfcor
eimage.code.tex
File: pgfcoreimage.code.tex 2025-08-29 v3.1.11a (3.1.11a)
)
(C:\Users\ulhas\AppData\Local\Programs\MiKTeX\tex/generic/pgf/basiclayer\pgfcor
eexternal.code.tex
File: pgfcoreexternal.code.tex 2025-08-29 v3.1.11a (3.1.11a)
\pgfexternal@startupbox=\box71
)
(C:\Users\ulhas\AppData\Local\Programs\MiKTeX\tex/generic/pgf/basiclayer\pgfcor
elayers.code.tex
File: pgfcorelayers.code.tex 2025-08-29 v3.1.11a (3.1.11a)
)
(C:\Users\ulhas\AppData\Local\Programs\MiKTeX\tex/generic/pgf/basiclayer\pgfcor
etransparency.code.tex
File: pgfcoretransparency.code.tex 2025-08-29 v3.1.11a (3.1.11a)
)
(C:\Users\ulhas\AppData\Local\Programs\MiKTeX\tex/generic/pgf/basiclayer\pgfcor
epatterns.code.tex
File: pgfcorepatterns.code.tex 2025-08-29 v3.1.11a (3.1.11a)
)
(C:\Users\ulhas\AppData\Local\Programs\MiKTeX\tex/generic/pgf/basiclayer\pgfcor
erdf.code.tex
File: pgfcorerdf.code.tex 2025-08-29 v3.1.11a (3.1.11a)
)))
(C:\Users\ulhas\AppData\Local\Programs\MiKTeX\tex/generic/pgf/modules\pgfmodule
shapes.code.tex
File: pgfmoduleshapes.code.tex 2025-08-29 v3.1.11a (3.1.11a)
\pgfnodeparttextbox=\box72
)
(C:\Users\ulhas\AppData\Local\Programs\MiKTeX\tex/generic/pgf/modules\pgfmodule
plot.code.tex
File: pgfmoduleplot.code.tex 2025-08-29 v3.1.11a (3.1.11a)
)
(C:\Users\ulhas\AppData\Local\Programs\MiKTeX\tex/latex/pgf/compatibility\pgfco
mp-version-0-65.sty
Package: pgfcomp-version-0-65 2025-08-29 v3.1.11a (3.1.11a)
\pgf@nodesepstart=\dimen301
\pgf@nodesepend=\dimen302
)
(C:\Users\ulhas\AppData\Local\Programs\MiKTeX\tex/latex/pgf/compatibility\pgfco
mp-version-1-18.sty
Package: pgfcomp-version-1-18 2025-08-29 v3.1.11a (3.1.11a)
))
(C:\Users\ulhas\AppData\Local\Programs\MiKTeX\tex/latex/pgf/utilities\pgffor.st
y
(C:\Users\ulhas\AppData\Local\Programs\MiKTeX\tex/latex/pgf/utilities\pgfkeys.s
ty
(C:\Users\ulhas\AppData\Local\Programs\MiKTeX\tex/generic/pgf/utilities\pgfkeys
.code.tex))
(C:\Users\ulhas\AppData\Local\Programs\MiKTeX\tex/latex/pgf/math\pgfmath.sty
(C:\Users\ulhas\AppData\Local\Programs\MiKTeX\tex/generic/pgf/math\pgfmath.code
.tex))
(C:\Users\ulhas\AppData\Local\Programs\MiKTeX\tex/generic/pgf/utilities\pgffor.
code.tex
Package: pgffor 2025-08-29 v3.1.11a (3.1.11a)
\pgffor@iter=\dimen303
\pgffor@skip=\dimen304
\pgffor@stack=\toks47
\pgffor@toks=\toks48
))
(C:\Users\ulhas\AppData\Local\Programs\MiKTeX\tex/generic/pgf/frontendlayer/tik
z\tikz.code.tex
Package: tikz 2025-08-29 v3.1.11a (3.1.11a)

(C:\Users\ulhas\AppData\Local\Programs\MiKTeX\tex/generic/pgf/libraries\pgflibr
aryplothandlers.code.tex
File: pgflibraryplothandlers.code.tex 2025-08-29 v3.1.11a (3.1.11a)
\pgf@plot@mark@count=\count343
\pgfplotmarksize=\dimen305
)
\tikz@lastx=\dimen306
\tikz@lasty=\dimen307
\tikz@lastxsaved=\dimen308
\tikz@lastysaved=\dimen309
\tikz@lastmovetox=\dimen310
\tikz@lastmovetoy=\dimen311
\tikzleveldistance=\dimen312
\tikzsiblingdistance=\dimen313
\tikz@figbox=\box73
\tikz@figbox@bg=\box74
\tikz@tempbox=\box75
\tikz@tempbox@bg=\box76
\tikztreelevel=\count344
\tikznumberofchildren=\count345
\tikznumberofcurrentchild=\count346
\tikz@fig@count=\count347

(C:\Users\ulhas\AppData\Local\Programs\MiKTeX\tex/generic/pgf/modules\pgfmodule
matrix.code.tex
File: pgfmodulematrix.code.tex 2025-08-29 v3.1.11a (3.1.11a)
\pgfmatrixcurrentrow=\count348
\pgfmatrixcurrentcolumn=\count349
\pgf@matrix@numberofcolumns=\count350
)
\tikz@expandcount=\count351

(C:\Users\ulhas\AppData\Local\Programs\MiKTeX\tex/generic/pgf/frontendlayer/tik
z/libraries\tikzlibrarytopaths.code.tex
File: tikzlibrarytopaths.code.tex 2025-08-29 v3.1.11a (3.1.11a)
)))
(C:\Users\ulhas\AppData\Local\Programs\MiKTeX\tex/latex/tools\verbatim.sty
Package: verbatim 2024-01-22 v1.5x LaTeX2e package for verbatim enhancements
\every@verbatim=\toks49
\verbatim@line=\toks50
\verbatim@in@stream=\read3
)
(C:\Users\ulhas\AppData\Local\Programs\MiKTeX\tex/latex/environ\environ.sty
Package: environ 2014/05/04 v0.3 A new way to define environments

(C:\Users\ulhas\AppData\Local\Programs\MiKTeX\tex/latex/trimspaces\trimspaces.s
ty
Package: trimspaces 2009/09/17 v1.1 Trim spaces around a token list
))
\tcb@titlebox=\box77
\tcb@upperbox=\box78
\tcb@lowerbox=\box79
\tcb@phantombox=\box80
\c@tcbbreakpart=\count352
\c@tcblayer=\count353
\c@tcolorbox@number=\count354
\l__tcobox_tmpa_box=\box81
\l__tcobox_tmpa_dim=\dimen314
\tcb@temp=\box82
\tcb@temp=\box83
\tcb@temp=\box84
\tcb@temp=\box85

(C:\Users\ulhas\AppData\Local\Programs\MiKTeX\tex/latex/tcolorbox\tcbraster.cod
e.tex
Library (tcolorbox): 'tcbraster.code.tex' version '6.9.0'
\c@tcbrastercolumn=\count355
\c@tcbrasterrow=\count356
\c@tcbrasternum=\count357
\c@tcbraster=\count358
)
(C:\Users\ulhas\AppData\Local\Programs\MiKTeX\tex/latex/tcolorbox\tcbskins.code
.tex
Library (tcolorbox): 'tcbskins.code.tex' version '6.9.0'

(C:\Users\ulhas\AppData\Local\Programs\MiKTeX\tex/latex/tikzfill\tikzfill.image
.sty
Package: tikzfill.image 2026/04/23 v1.2.0 Image filling library for TikZ

(C:\Users\ulhas\AppData\Local\Programs\MiKTeX\tex/latex/tikzfill\tikzlibraryfil
l.image.code.tex
File: tikzlibraryfill.image.code.tex 2026/04/23 v1.2.0 Image filling library
\l__tikzfill_tmpa_dim=\dimen315
\l__tikzfill_tmpb_dim=\dimen316
\l__tikzfill_img_box=\box86
))
(C:\Users\ulhas\AppData\Local\Programs\MiKTeX\tex/latex/tcolorbox\tcbskinsjigsa
w.code.tex
Library (tcolorbox): 'tcbskinsjigsaw.code.tex' version '6.9.0'
))
(C:\Users\ulhas\AppData\Local\Programs\MiKTeX\tex/latex/tcolorbox\tcbbreakable.
code.tex
Library (tcolorbox): 'tcbbreakable.code.tex' version '6.9.0'
(C:\Users\ulhas\AppData\Local\Programs\MiKTeX\tex/latex/pdfcol\pdfcol.sty
Package: pdfcol 2022-09-21 v1.7 Handle new color stacks for pdfTeX (HO)
Package pdfcol Info: Interface disabled because of missing PDF mode of pdfTeX.
)
Package pdfcol Info: pdfTeX's color stacks are not available.
\tcb@testbox=\box87
\tcb@totalupperbox=\box88
\tcb@totallowerbox=\box89
)
(C:\Users\ulhas\AppData\Local\Programs\MiKTeX\tex/latex/tcolorbox\tcbhooks.code
.tex
Library (tcolorbox): 'tcbhooks.code.tex' version '6.9.0'
)
(C:\Users\ulhas\AppData\Local\Programs\MiKTeX\tex/latex/tcolorbox\tcbtheorems.c
ode.tex
Library (tcolorbox): 'tcbtheorems.code.tex' version '6.9.0'
)
(C:\Users\ulhas\AppData\Local\Programs\MiKTeX\tex/latex/tcolorbox\tcbfitting.co
de.tex
Library (tcolorbox): 'tcbfitting.code.tex' version '6.9.0'
\tcbfitdim=\dimen317
\tcb@lowerfitdim=\dimen318
\tcb@upperfitdim=\dimen319
\tcb@cur@hbadness=\count359
))
(C:\Users\ulhas\AppData\Local\Programs\MiKTeX\tex/generic/pgf/frontendlayer/tik
z/libraries\tikzlibrarypositioning.code.tex
File: tikzlibrarypositioning.code.tex 2025-08-29 v3.1.11a (3.1.11a)
)
(C:\Users\ulhas\AppData\Local\Programs\MiKTeX\tex/generic/pgf/libraries\pgflibr
aryarrows.meta.code.tex
File: pgflibraryarrows.meta.code.tex 2025-08-29 v3.1.11a (3.1.11a)
\pgfarrowinset=\dimen320
\pgfarrowlength=\dimen321
\pgfarrowwidth=\dimen322
\pgfarrowlinewidth=\dimen323
)
(C:\Users\ulhas\AppData\Local\Programs\MiKTeX\tex/generic/pgf/frontendlayer/tik
z/libraries\tikzlibraryshapes.geometric.code.tex
File: tikzlibraryshapes.geometric.code.tex 2025-08-29 v3.1.11a (3.1.11a)

(C:\Users\ulhas\AppData\Local\Programs\MiKTeX\tex/generic/pgf/libraries/shapes\
pgflibraryshapes.geometric.code.tex
File: pgflibraryshapes.geometric.code.tex 2025-08-29 v3.1.11a (3.1.11a)
))
(C:\Users\ulhas\AppData\Local\Programs\MiKTeX\tex/generic/pgf/frontendlayer/tik
z/libraries\tikzlibrarycalc.code.tex
File: tikzlibrarycalc.code.tex 2025-08-29 v3.1.11a (3.1.11a)
)
(C:\Users\ulhas\AppData\Local\Programs\MiKTeX\tex/generic/pgf/frontendlayer/tik
z/libraries\tikzlibraryfit.code.tex
File: tikzlibraryfit.code.tex 2025-08-29 v3.1.11a (3.1.11a)
)
(C:\Users\ulhas\AppData\Local\Programs\MiKTeX\tex/generic/pgf/frontendlayer/tik
z/libraries\tikzlibrarybackgrounds.code.tex
File: tikzlibrarybackgrounds.code.tex 2025-08-29 v3.1.11a (3.1.11a)
\pgf@layerbox@background=\box90
\pgf@layerboxsaved@background=\box91
)
(C:\Users\ulhas\AppData\Local\Programs\MiKTeX\tex/generic/pgf/frontendlayer/tik
z/libraries\tikzlibrarydecorations.pathreplacing.code.tex
(C:\Users\ulhas\AppData\Local\Programs\MiKTeX\tex/generic/pgf/frontendlayer/tik
z/libraries\tikzlibrarydecorations.code.tex
(C:\Users\ulhas\AppData\Local\Programs\MiKTeX\tex/generic/pgf/modules\pgfmodule
decorations.code.tex
\pgfdecoratedcompleteddistance=\dimen324
\pgfdecoratedremainingdistance=\dimen325
\pgfdecoratedinputsegmentcompleteddistance=\dimen326
\pgfdecoratedinputsegmentremainingdistance=\dimen327
\pgf@decorate@distancetomove=\dimen328
\pgf@decorate@repeatstate=\count360
\pgfdecorationsegmentamplitude=\dimen329
\pgfdecorationsegmentlength=\dimen330
)
\tikz@lib@dec@box=\box92
)
(C:\Users\ulhas\AppData\Local\Programs\MiKTeX\tex/generic/pgf/libraries/decorat
ions\pgflibrarydecorations.pathreplacing.code.tex))
(C:\Users\ulhas\AppData\Local\Programs\MiKTeX\tex/generic/pgf/frontendlayer/tik
z/libraries\tikzlibrarydecorations.markings.code.tex
(C:\Users\ulhas\AppData\Local\Programs\MiKTeX\tex/generic/pgf/libraries/decorat
ions\pgflibrarydecorations.markings.code.tex))
(C:\Users\ulhas\AppData\Local\Programs\MiKTeX\tex/latex/listings\listings.sty
\lst@mode=\count361
\lst@gtempboxa=\box93
\lst@token=\toks51
\lst@length=\count362
\lst@currlwidth=\dimen331
\lst@column=\count363
\lst@pos=\count364
\lst@lostspace=\dimen332
\lst@width=\dimen333
\lst@newlines=\count365
\lst@lineno=\count366
\lst@maxwidth=\dimen334

(C:\Users\ulhas\AppData\Local\Programs\MiKTeX\tex/latex/listings\lstpatch.sty
File: lstpatch.sty 2025/11/14 1.11b (Carsten Heinz)
)
(C:\Users\ulhas\AppData\Local\Programs\MiKTeX\tex/latex/listings\lstmisc.sty
File: lstmisc.sty 2025/11/14 1.11b (Carsten Heinz)
\c@lstnumber=\count367
\lst@skipnumbers=\count368
\lst@framebox=\box94
)
(C:\Users\ulhas\AppData\Local\Programs\MiKTeX\tex/latex/listings\listings.cfg
File: listings.cfg 2025/11/14 1.11b listings configuration
))
Package: listings 2025/11/14 1.11b (Carsten Heinz)
==> First Aid for listings.sty no longer applied!
    Expected:
        2024/09/23 1.10c (Carsten Heinz)
    but found:
        2025/11/14 1.11b (Carsten Heinz)
    so I'm assuming it got fixed.
(C:\Users\ulhas\AppData\Local\Programs\MiKTeX\tex/latex/listings\lstlang1.sty
File: lstlang1.sty 2025/11/14 1.11b listings language file
)
\c@tcb@cnt@pythonconcept=\count369
\c@tcb@cnt@mlconcept=\count370
\c@tcb@cnt@mathdeepdive=\count371
\c@tcb@cnt@edgetrap=\count372

(C:\Users\ulhas\AppData\Local\Programs\MiKTeX\tex/latex/l3backend\l3backend-xet
ex.def
File: l3backend-xetex.def 2025-10-09 L3 backend support: XeTeX
\g__graphics_track_int=\count373
\g__pdfannot_backend_int=\count374
\g__pdfannot_backend_link_int=\count375
) (Study-Handbook.aux)
\openout1 = `Study-Handbook.aux'.

LaTeX Font Info:    Checking defaults for OML/cmm/m/it on input line 267.
LaTeX Font Info:    ... okay on input line 267.
LaTeX Font Info:    Checking defaults for OMS/cmsy/m/n on input line 267.
LaTeX Font Info:    ... okay on input line 267.
LaTeX Font Info:    Checking defaults for OT1/cmr/m/n on input line 267.
LaTeX Font Info:    ... okay on input line 267.
LaTeX Font Info:    Checking defaults for T1/cmr/m/n on input line 267.
LaTeX Font Info:    ... okay on input line 267.
LaTeX Font Info:    Checking defaults for TS1/cmr/m/n on input line 267.
LaTeX Font Info:    ... okay on input line 267.
LaTeX Font Info:    Checking defaults for TU/lmr/m/n on input line 267.
LaTeX Font Info:    ... okay on input line 267.
LaTeX Font Info:    Checking defaults for OMX/cmex/m/n on input line 267.
LaTeX Font Info:    ... okay on input line 267.
LaTeX Font Info:    Checking defaults for U/cmr/m/n on input line 267.
LaTeX Font Info:    ... okay on input line 267.
LaTeX Font Info:    Checking defaults for PD1/pdf/m/n on input line 267.
LaTeX Font Info:    ... okay on input line 267.
LaTeX Font Info:    Checking defaults for PU/pdf/m/n on input line 267.
LaTeX Font Info:    ... okay on input line 267.

(C:\Users\ulhas\AppData\Local\Programs\MiKTeX\tex/latex/upquote\upquote.sty
Package: upquote 2012/04/19 v1.3 upright-quote and grave-accent glyphs in verba
tim
)
LaTeX Info: Redefining \microtypecontext on input line 267.
Package microtype Info: Applying patch `item' on input line 267.
Package microtype Info: Applying patch `toc' on input line 267.
Package microtype Info: Applying patch `eqnum' on input line 267.
Package microtype Info: Applying patch `footnote' on input line 267.
Package microtype Info: Applying patch `verbatim' on input line 267.
LaTeX Info: Redefining \microtypesetup on input line 267.
Package microtype Info: Character protrusion enabled (level 2).
Package microtype Info: Using default protrusion set `alltext'.
Package microtype Info: No adjustment of tracking.
Package microtype Info: No adjustment of spacing.
Package microtype Info: No adjustment of kerning.

(C:\Users\ulhas\AppData\Local\Programs\MiKTeX\tex/latex/microtype\mt-cmr.cfg
File: mt-cmr.cfg 2013/05/19 v2.2 microtype config. file: Computer Modern Roman 
(RS)
)
*geometry* driver: auto-detecting
*geometry* detected driver: xetex
*geometry* verbose mode - [ preamble ] result:
* driver: xetex
* paper: a4paper
* layout: <same size as paper>
* layoutoffset:(h,v)=(0.0pt,0.0pt)
* modes: 
* h-part:(L,W,R)=(72.26999pt, 452.9679pt, 72.26999pt)
* v-part:(T,H,B)=(75.88371pt, 696.89314pt, 72.26999pt)
* \paperwidth=597.50787pt
* \paperheight=845.04684pt
* \textwidth=452.9679pt
* \textheight=696.89314pt
* \oddsidemargin=0.0pt
* \evensidemargin=0.0pt
* \topmargin=-33.38628pt
* \headheight=12.0pt
* \headsep=25.0pt
* \topskip=11.0pt
* \footskip=30.0pt
* \marginparwidth=50.0pt
* \marginparsep=10.0pt
* \columnsep=10.0pt
* \skip\footins=10.0pt plus 4.0pt minus 2.0pt
* \hoffset=0.0pt
* \voffset=0.0pt
* \mag=1000
* \@twocolumnfalse
* \@twosidefalse
* \@mparswitchfalse
* \@reversemarginfalse
* (1in=72.27pt=25.4mm, 1cm=28.453pt)

Package caption Info: Begin \AtBeginDocument code.
Package caption Info: hyperref package is loaded.
Package caption Info: listings package is loaded.
Package caption Info: End \AtBeginDocument code.
Package hyperref Info: Link coloring ON on input line 267.
(Study-Handbook.out) (Study-Handbook.out)
\@outlinefile=\write4
\openout4 = `Study-Handbook.out'.

\c@lstlisting=\count376
LaTeX Font Info:    Trying to load font information for T1+phv on input line 27
9.

(C:\Users\ulhas\AppData\Local\Programs\MiKTeX\tex/latex/psnfss\t1phv.fd
File: t1phv.fd 2020/03/25 scalable font definitions for T1/phv.
)
LaTeX Font Info:    Font shape `T1/phv/m/n' will be
(Font)              scaled to size 9.85492pt on input line 279.
Package microtype Info: Loading generic protrusion settings for font family
(microtype)             `phv' (encoding: T1).
(microtype)             For optimal results, create family-specific settings.
(microtype)             See the microtype manual for details.
LaTeX Font Info:    Font shape `T1/phv/b/n' will be
(Font)              scaled to size 9.85492pt on input line 279.
LaTeX Font Info:    Font shape `T1/phv/b/n' will be
(Font)              scaled to size 26.99982pt on input line 279.
LaTeX Font Info:    Font shape `T1/phv/m/n' will be
(Font)              scaled to size 12.9599pt on input line 282.
LaTeX Font Info:    Font shape `T1/phv/m/n' will be
(Font)              scaled to size 10.79993pt on input line 284.
LaTeX Font Info:    Font shape `T1/phv/m/n' will be
(Font)              scaled to size 7.19995pt on input line 291.
LaTeX Font Info:    Font shape `T1/phv/m/n' will be
(Font)              scaled to size 8.99994pt on input line 306.
LaTeX Font Info:    Trying to load font information for TS1+phv on input line 3
06.

(C:\Users\ulhas\AppData\Local\Programs\MiKTeX\tex/latex/psnfss\ts1phv.fd
File: ts1phv.fd 2020/03/25 scalable font definitions for TS1/phv.
)
LaTeX Font Info:    Font shape `TS1/phv/m/n' will be
(Font)              scaled to size 8.99994pt on input line 306.
Package microtype Info: Loading generic protrusion settings for font family
(microtype)             `phv' (encoding: TS1).
(microtype)             For optimal results, create family-specific settings.
(microtype)             See the microtype manual for details.
LaTeX Font Info:    Trying to load font information for OT1+lmr on input line 3
06.

(C:\Users\ulhas\AppData\Local\Programs\MiKTeX\tex/latex/lm\ot1lmr.fd
File: ot1lmr.fd 2015/05/01 v1.6.1 Font defs for Latin Modern
)
LaTeX Font Info:    Trying to load font information for OML+lmm on input line 3
06.

(C:\Users\ulhas\AppData\Local\Programs\MiKTeX\tex/latex/lm\omllmm.fd
File: omllmm.fd 2015/05/01 v1.6.1 Font defs for Latin Modern
)
LaTeX Font Info:    Trying to load font information for OMS+lmsy on input line 
306.

(C:\Users\ulhas\AppData\Local\Programs\MiKTeX\tex/latex/lm\omslmsy.fd
File: omslmsy.fd 2015/05/01 v1.6.1 Font defs for Latin Modern
)
LaTeX Font Info:    Trying to load font information for OMX+lmex on input line 
306.

(C:\Users\ulhas\AppData\Local\Programs\MiKTeX\tex/latex/lm\omxlmex.fd
File: omxlmex.fd 2015/05/01 v1.6.1 Font defs for Latin Modern
)
LaTeX Font Info:    External font `lmex10' loaded for size
(Font)              <10> on input line 306.
LaTeX Font Info:    External font `lmex10' loaded for size
(Font)              <7> on input line 306.
LaTeX Font Info:    External font `lmex10' loaded for size
(Font)              <5> on input line 306.
LaTeX Font Info:    Trying to load font information for U+msa on input line 306
.

(C:\Users\ulhas\AppData\Local\Programs\MiKTeX\tex/latex/amsfonts\umsa.fd
File: umsa.fd 2013/01/14 v3.01 AMS symbols A
)
(C:\Users\ulhas\AppData\Local\Programs\MiKTeX\tex/latex/microtype\mt-msa.cfg
File: mt-msa.cfg 2006/02/04 v1.1 microtype config. file: AMS symbols (a) (RS)
)
LaTeX Font Info:    Trying to load font information for U+msb on input line 306
.

(C:\Users\ulhas\AppData\Local\Programs\MiKTeX\tex/latex/amsfonts\umsb.fd
File: umsb.fd 2013/01/14 v3.01 AMS symbols B
)
(C:\Users\ulhas\AppData\Local\Programs\MiKTeX\tex/latex/microtype\mt-msb.cfg
File: mt-msb.cfg 2005/06/01 v1.0 microtype config. file: AMS symbols (b) (RS)
)
LaTeX Font Info:    Trying to load font information for T1+zi4 on input line 30
8.

(C:\Users\ulhas\AppData\Local\Programs\MiKTeX\tex/latex/inconsolata\t1zi4.fd
File: t1zi4.fd 2018/01/14 T1/zi4 (Inconsolata)
)
LaTeX Font Info:    Font shape `T1/zi4/m/n' will be
(Font)              scaled to size 10.0pt on input line 308.
Package microtype Info: Loading generic protrusion settings for font family
(microtype)             `zi4' (encoding: T1).
(microtype)             For optimal results, create family-specific settings.
(microtype)             See the microtype manual for details.

[1

]
LaTeX Font Info:    Font shape `T1/phv/b/n' will be
(Font)              scaled to size 22.39185pt on input line 315.
LaTeX Font Info:    Font shape `T1/phv/b/n' will be
(Font)              scaled to size 12.9599pt on input line 323.
LaTeX Font Info:    External font `lmex10' loaded for size
(Font)              <10.95> on input line 329.
LaTeX Font Info:    External font `lmex10' loaded for size
(Font)              <8> on input line 329.
LaTeX Font Info:    External font `lmex10' loaded for size
(Font)              <6> on input line 329.
LaTeX Font Info:    Font shape `T1/zi4/m/n' will be
(Font)              scaled to size 10.95pt on input line 339.
LaTeX Font Info:    Font shape `TS1/phv/b/n' will be
(Font)              scaled to size 9.85492pt on input line 346.


Package fancyhdr Warning: \headheight is too small (12.0pt): 
(fancyhdr)                Make it at least 21.99997pt, for example:
(fancyhdr)                \setlength{\headheight}{21.99997pt}.
(fancyhdr)                You might also make \topmargin smaller:
(fancyhdr)                \addtolength{\topmargin}{-9.99997pt}.

[2


]

Package fancyhdr Warning: \headheight is too small (12.0pt): 
(fancyhdr)                Make it at least 21.99997pt, for example:
(fancyhdr)                \setlength{\headheight}{21.99997pt}.
(fancyhdr)                You might also make \topmargin smaller:
(fancyhdr)                \addtolength{\topmargin}{-9.99997pt}.

[3]
LaTeX Font Info:    Font shape `T1/phv/m/n' will be
(Font)              scaled to size 22.39185pt on input line 385.
 (Study-Handbook.toc

Package fancyhdr Warning: \headheight is too small (12.0pt): 
(fancyhdr)                Make it at least 21.99997pt, for example:
(fancyhdr)                \setlength{\headheight}{21.99997pt}.
(fancyhdr)                You might also make \topmargin smaller:
(fancyhdr)                \addtolength{\topmargin}{-9.99997pt}.

[4

]

Package fancyhdr Warning: \headheight is too small (12.0pt): 
(fancyhdr)                Make it at least 21.99997pt, for example:
(fancyhdr)                \setlength{\headheight}{21.99997pt}.
(fancyhdr)                You might also make \topmargin smaller:
(fancyhdr)                \addtolength{\topmargin}{-9.99997pt}.

[5])
\tf@toc=\write5
\openout5 = `Study-Handbook.toc'.



Package fancyhdr Warning: \headheight is too small (12.0pt): 
(fancyhdr)                Make it at least 21.99997pt, for example:
(fancyhdr)                \setlength{\headheight}{21.99997pt}.
(fancyhdr)                You might also make \topmargin smaller:
(fancyhdr)                \addtolength{\topmargin}{-9.99997pt}.

[6] (ch01-foundations.tex
Chapter 1.
LaTeX Font Info:    Font shape `T1/phv/b/n' will be
(Font)              scaled to size 10.79993pt on input line 1.
LaTeX Font Info:    Font shape `T1/zi4/m/n' will be
(Font)              scaled to size 9.0pt on input line 49.
LaTeX Font Info:    Font shape `T1/zi4/m/n' will be
(Font)              scaled to size 6.0pt on input line 50.

LaTeX Font Warning: Font shape `T1/zi4/m/it' undefined
(Font)              using `T1/zi4/m/n' instead on input line 50.

LaTeX Font Info:    Font shape `T1/zi4/m/it' will be
(Font)              scaled to size 9.0pt on input line 50.

Package fancyhdr Warning: \headheight is too small (12.0pt): 
(fancyhdr)                Make it at least 21.99997pt, for example:
(fancyhdr)                \setlength{\headheight}{21.99997pt}.
(fancyhdr)                You might also make \topmargin smaller:
(fancyhdr)                \addtolength{\topmargin}{-9.99997pt}.

[7


]
LaTeX Font Info:    Font shape `T1/zi4/b/n' will be
(Font)              scaled to size 9.0pt on input line 107.


Package fancyhdr Warning: \headheight is too small (12.0pt): 
(fancyhdr)                Make it at least 21.99997pt, for example:
(fancyhdr)                \setlength{\headheight}{21.99997pt}.
(fancyhdr)                You might also make \topmargin smaller:
(fancyhdr)                \addtolength{\topmargin}{-9.99997pt}.

[8]

Package fancyhdr Warning: \headheight is too small (12.0pt): 
(fancyhdr)                Make it at least 21.99997pt, for example:
(fancyhdr)                \setlength{\headheight}{21.99997pt}.
(fancyhdr)                You might also make \topmargin smaller:
(fancyhdr)                \addtolength{\topmargin}{-9.99997pt}.

[9]
Underfull \hbox (badness 10000) in paragraph at lines 231--236
[]\T1/lmr/bx/n/10.95 Reading a sig-na-ture aloud \T1/lmr/m/n/10.95 is a gen-uin
ely use-ful skill. Take
 []


Underfull \hbox (badness 10000) in paragraph at lines 231--236
\T1/zi4/m/n/10 fingers\_state(pixel\_landmarks, hand\_label="Unknown", palm\_z=
None,
 []


Package fancyhdr Warning: \headheight is too small (12.0pt): 
(fancyhdr)                Make it at least 21.99997pt, for example:
(fancyhdr)                \setlength{\headheight}{21.99997pt}.
(fancyhdr)                You might also make \topmargin smaller:
(fancyhdr)                \addtolength{\topmargin}{-9.99997pt}.

[10]
LaTeX Font Info:    Font shape `T1/zi4/b/n' will be
(Font)              scaled to size 10.95pt on input line 289.
LaTeX Font Info:    Font shape `T1/zi4/b/n' will be
(Font)              scaled to size 10.0pt on input line 289.
LaTeX Font Info:    Trying to load font information for TS1+zi4 on input line 2
97.

(C:\Users\ulhas\AppData\Local\Programs\MiKTeX\tex/latex/inconsolata\ts1zi4.fd
File: ts1zi4.fd 2018/01/14 TS1/zi4 (Inconsolata)
)

LaTeX Font Warning: Font shape `TS1/zi4/m/it' undefined
(Font)              using `TS1/zi4/m/n' instead
(Font)              for symbol `textquotesingle' on input line 297.

LaTeX Font Info:    Font shape `TS1/zi4/m/n' will be
(Font)              scaled to size 9.0pt on input line 297.
Package microtype Info: Loading generic protrusion settings for font family
(microtype)             `zi4' (encoding: TS1).
(microtype)             For optimal results, create family-specific settings.
(microtype)             See the microtype manual for details.
LaTeX Font Info:    Font shape `TS1/zi4/m/it' will be
(Font)              scaled to size 9.0pt on input line 297.

Package fancyhdr Warning: \headheight is too small (12.0pt): 
(fancyhdr)                Make it at least 21.99997pt, for example:
(fancyhdr)                \setlength{\headheight}{21.99997pt}.
(fancyhdr)                You might also make \topmargin smaller:
(fancyhdr)                \addtolength{\topmargin}{-9.99997pt}.

[11]

Package fancyhdr Warning: \headheight is too small (12.0pt): 
(fancyhdr)                Make it at least 21.99997pt, for example:
(fancyhdr)                \setlength{\headheight}{21.99997pt}.
(fancyhdr)                You might also make \topmargin smaller:
(fancyhdr)                \addtolength{\topmargin}{-9.99997pt}.

[12]

Package fancyhdr Warning: \headheight is too small (12.0pt): 
(fancyhdr)                Make it at least 21.99997pt, for example:
(fancyhdr)                \setlength{\headheight}{21.99997pt}.
(fancyhdr)                You might also make \topmargin smaller:
(fancyhdr)                \addtolength{\topmargin}{-9.99997pt}.

[13]

Package fancyhdr Warning: \headheight is too small (12.0pt): 
(fancyhdr)                Make it at least 21.99997pt, for example:
(fancyhdr)                \setlength{\headheight}{21.99997pt}.
(fancyhdr)                You might also make \topmargin smaller:
(fancyhdr)                \addtolength{\topmargin}{-9.99997pt}.

[14]

Package fancyhdr Warning: \headheight is too small (12.0pt): 
(fancyhdr)                Make it at least 21.99997pt, for example:
(fancyhdr)                \setlength{\headheight}{21.99997pt}.
(fancyhdr)                You might also make \topmargin smaller:
(fancyhdr)                \addtolength{\topmargin}{-9.99997pt}.

[15]
Underfull \hbox (badness 1577) in paragraph at lines 604--606
[]\T1/lmr/bx/n/10.95 Worked ex-am-ple. \T1/lmr/m/n/10.95 Me-di-aPipe re-ports t
he in-dex fin-ger-tip at $\OT1/lmr/m/n/10.95 (\OML/lmm/m/it/10.95 x[]; y[]\OT1/
lmr/m/n/10.95 ) =
 []

) (ch02-engine.tex

Package fancyhdr Warning: \headheight is too small (12.0pt): 
(fancyhdr)                Make it at least 21.99997pt, for example:
(fancyhdr)                \setlength{\headheight}{21.99997pt}.
(fancyhdr)                You might also make \topmargin smaller:
(fancyhdr)                \addtolength{\topmargin}{-9.99997pt}.

[16]
Chapter 2.

Package caption Warning: The option `hypcap=true' will be ignored for this
(caption)                particular \caption on input line 97.
See the caption package documentation for explanation.

LaTeX Font Info:    Font shape `T1/phv/b/n' will be
(Font)              scaled to size 8.99994pt on input line 97.

Package fancyhdr Warning: \headheight is too small (12.0pt): 
(fancyhdr)                Make it at least 21.99997pt, for example:
(fancyhdr)                \setlength{\headheight}{21.99997pt}.
(fancyhdr)                You might also make \topmargin smaller:
(fancyhdr)                \addtolength{\topmargin}{-9.99997pt}.

[17

]
LaTeX Font Info:    Font shape `T1/phv/b/n' will be
(Font)              scaled to size 7.19995pt on input line 128.


Package fancyhdr Warning: \headheight is too small (12.0pt): 
(fancyhdr)                Make it at least 21.99997pt, for example:
(fancyhdr)                \setlength{\headheight}{21.99997pt}.
(fancyhdr)                You might also make \topmargin smaller:
(fancyhdr)                \addtolength{\topmargin}{-9.99997pt}.

[18]
Underfull \hbox (badness 10000) in paragraph at lines 239--239
[]|\T1/lmr/m/n/10.95 The \T1/lmr/m/it/10.95 con-trib \T1/lmr/m/n/10.95 build, n
ot
 []


Underfull \hbox (badness 10000) in paragraph at lines 239--239
\T1/zi4/m/n/10 opencv-python\T1/lmr/m/n/10.95 : Me-di-aPipe al-
 []


Package fancyhdr Warning: \headheight is too small (12.0pt): 
(fancyhdr)                Make it at least 21.99997pt, for example:
(fancyhdr)                \setlength{\headheight}{21.99997pt}.
(fancyhdr)                You might also make \topmargin smaller:
(fancyhdr)                \addtolength{\topmargin}{-9.99997pt}.

[19]
Underfull \hbox (badness 2452) in paragraph at lines 245--248
[]\T1/lmr/m/n/10.95 OpenCV ships un-der sev-eral PyPI names: \T1/zi4/m/n/10 ope
ncv-python\T1/lmr/m/n/10.95 , \T1/zi4/m/n/10 opencv-contrib-python\T1/lmr/m/n/1
0.95 ,
 []


Underfull \hbox (badness 1590) in paragraph at lines 249--251
[]\T1/lmr/bx/n/10.95 MediaPipe's own de-pen-dency list in-cludes \T1/zi4/b/n/10
 opencv-contrib-python\T1/lmr/bx/n/10.95 . \T1/lmr/m/n/10.95 So this
 []


Underfull \hbox (badness 3219) in paragraph at lines 295--298
[]\T1/lmr/bx/n/10.95 Consequence: \T1/zi4/m/n/10 pip install -U mediapipe \T1/l
mr/m/n/10.95 bricks the ap-pli-ca-tion. The pin
 []

LaTeX Info: Symbol \textasciigrave not provided by
            font family zi4 in TS1 encoding.
            Default family used instead on input line 309.
LaTeX Font Info:    Trying to load font information for T1+lmtt on input line 3
09.
(C:\Users\ulhas\AppData\Local\Programs\MiKTeX\tex/latex/lm\t1lmtt.fd
File: t1lmtt.fd 2015/05/01 v1.6.1 Font defs for Latin Modern
)
Package microtype Info: Loading generic protrusion settings for font family
(microtype)             `lmtt' (encoding: T1).
(microtype)             For optimal results, create family-specific settings.
(microtype)             See the microtype manual for details.
LaTeX Font Info:    Trying to load font information for TS1+lmtt on input line 
309.

(C:\Users\ulhas\AppData\Local\Programs\MiKTeX\tex/latex/lm\ts1lmtt.fd
File: ts1lmtt.fd 2015/05/01 v1.6.1 Font defs for Latin Modern
)
Package microtype Info: Loading generic protrusion settings for font family
(microtype)             `lmtt' (encoding: TS1).
(microtype)             For optimal results, create family-specific settings.
(microtype)             See the microtype manual for details.
Package microtype Info: Character `texttrademark ' is missing
(microtype)             in font `TS1/lmtt/m/n/9'.
(microtype)             Ignoring protrusion settings for this character.
LaTeX Info: Symbol \textasciigrave not provided by
            font family zi4 in TS1 encoding.
            Default family used instead on input line 309.


Package fancyhdr Warning: \headheight is too small (12.0pt): 
(fancyhdr)                Make it at least 21.99997pt, for example:
(fancyhdr)                \setlength{\headheight}{21.99997pt}.
(fancyhdr)                You might also make \topmargin smaller:
(fancyhdr)                \addtolength{\topmargin}{-9.99997pt}.

[20]

Package fancyhdr Warning: \headheight is too small (12.0pt): 
(fancyhdr)                Make it at least 21.99997pt, for example:
(fancyhdr)                \setlength{\headheight}{21.99997pt}.
(fancyhdr)                You might also make \topmargin smaller:
(fancyhdr)                \addtolength{\topmargin}{-9.99997pt}.

[21]
LaTeX Font Info:    Font shape `T1/zi4/b/n' will be
(Font)              scaled to size 12.0pt on input line 381.


Package fancyhdr Warning: \headheight is too small (12.0pt): 
(fancyhdr)                Make it at least 21.99997pt, for example:
(fancyhdr)                \setlength{\headheight}{21.99997pt}.
(fancyhdr)                You might also make \topmargin smaller:
(fancyhdr)                \addtolength{\topmargin}{-9.99997pt}.

[22]) (ch03-mathematics.tex

Package fancyhdr Warning: \headheight is too small (12.0pt): 
(fancyhdr)                Make it at least 21.99997pt, for example:
(fancyhdr)                \setlength{\headheight}{21.99997pt}.
(fancyhdr)                You might also make \topmargin smaller:
(fancyhdr)                \addtolength{\topmargin}{-9.99997pt}.

[23]
Chapter 3.
LaTeX Font Info:    Font shape `T1/phv/b/it' in size <10> not available
(Font)              Font shape `T1/phv/b/sl' tried instead on input line 58.
LaTeX Font Info:    Font shape `T1/phv/b/sl' will be
(Font)              scaled to size 8.99994pt on input line 58.

LaTeX Warning: `h' float specifier changed to `ht'.

LaTeX Font Info:    External font `lmex10' loaded for size
(Font)              <12> on input line 92.

Package hyperref Warning: Token not allowed in a PDF string (Unicode):
(hyperref)                removing `math shift' on input line 92.


Package hyperref Warning: Token not allowed in a PDF string (Unicode):
(hyperref)                removing `math shift' on input line 92.


Package fancyhdr Warning: \headheight is too small (12.0pt): 
(fancyhdr)                Make it at least 21.99997pt, for example:
(fancyhdr)                \setlength{\headheight}{21.99997pt}.
(fancyhdr)                You might also make \topmargin smaller:
(fancyhdr)                \addtolength{\topmargin}{-9.99997pt}.

[24

]

Package fancyhdr Warning: \headheight is too small (12.0pt): 
(fancyhdr)                Make it at least 21.99997pt, for example:
(fancyhdr)                \setlength{\headheight}{21.99997pt}.
(fancyhdr)                You might also make \topmargin smaller:
(fancyhdr)                \addtolength{\topmargin}{-9.99997pt}.

[25]
LaTeX Font Info:    Trying to load font information for OT1+lmss on input line 
230.
 (C:\Users\ulhas\AppData\Local\Programs\MiKTeX\tex/latex/lm\ot1lmss.fd
File: ot1lmss.fd 2015/05/01 v1.6.1 Font defs for Latin Modern
)
Package microtype Info: Loading generic protrusion settings for font family
(microtype)             `lmss' (encoding: OT1).
(microtype)             For optimal results, create family-specific settings.
(microtype)             See the microtype manual for details.


Package fancyhdr Warning: \headheight is too small (12.0pt): 
(fancyhdr)                Make it at least 21.99997pt, for example:
(fancyhdr)                \setlength{\headheight}{21.99997pt}.
(fancyhdr)                You might also make \topmargin smaller:
(fancyhdr)                \addtolength{\topmargin}{-9.99997pt}.

[26]

Package fancyhdr Warning: \headheight is too small (12.0pt): 
(fancyhdr)                Make it at least 21.99997pt, for example:
(fancyhdr)                \setlength{\headheight}{21.99997pt}.
(fancyhdr)                You might also make \topmargin smaller:
(fancyhdr)                \addtolength{\topmargin}{-9.99997pt}.

[27]

Package fancyhdr Warning: \headheight is too small (12.0pt): 
(fancyhdr)                Make it at least 21.99997pt, for example:
(fancyhdr)                \setlength{\headheight}{21.99997pt}.
(fancyhdr)                You might also make \topmargin smaller:
(fancyhdr)                \addtolength{\topmargin}{-9.99997pt}.

[28]

Package fancyhdr Warning: \headheight is too small (12.0pt): 
(fancyhdr)                Make it at least 21.99997pt, for example:
(fancyhdr)                \setlength{\headheight}{21.99997pt}.
(fancyhdr)                You might also make \topmargin smaller:
(fancyhdr)                \addtolength{\topmargin}{-9.99997pt}.

[29]
LaTeX Font Info:    Font shape `T1/phv/m/it' in size <8> not available
(Font)              Font shape `T1/phv/m/sl' tried instead on input line 429.
LaTeX Font Info:    Font shape `T1/phv/m/sl' will be
(Font)              scaled to size 7.19995pt on input line 429.
LaTeX Info: Symbol \textasciigrave not provided by
            font family zi4 in TS1 encoding.
            Default family used instead on input line 474.
LaTeX Info: Symbol \textasciigrave not provided by
            font family zi4 in TS1 encoding.
            Default family used instead on input line 474.
LaTeX Info: Symbol \textasciigrave not provided by
            font family zi4 in TS1 encoding.
            Default family used instead on input line 474.
LaTeX Info: Symbol \textasciigrave not provided by
            font family zi4 in TS1 encoding.
            Default family used instead on input line 474.


Package fancyhdr Warning: \headheight is too small (12.0pt): 
(fancyhdr)                Make it at least 21.99997pt, for example:
(fancyhdr)                \setlength{\headheight}{21.99997pt}.
(fancyhdr)                You might also make \topmargin smaller:
(fancyhdr)                \addtolength{\topmargin}{-9.99997pt}.

[30]

Package fancyhdr Warning: \headheight is too small (12.0pt): 
(fancyhdr)                Make it at least 21.99997pt, for example:
(fancyhdr)                \setlength{\headheight}{21.99997pt}.
(fancyhdr)                You might also make \topmargin smaller:
(fancyhdr)                \addtolength{\topmargin}{-9.99997pt}.

[31]

Package fancyhdr Warning: \headheight is too small (12.0pt): 
(fancyhdr)                Make it at least 21.99997pt, for example:
(fancyhdr)                \setlength{\headheight}{21.99997pt}.
(fancyhdr)                You might also make \topmargin smaller:
(fancyhdr)                \addtolength{\topmargin}{-9.99997pt}.

[32]

Package fancyhdr Warning: \headheight is too small (12.0pt): 
(fancyhdr)                Make it at least 21.99997pt, for example:
(fancyhdr)                \setlength{\headheight}{21.99997pt}.
(fancyhdr)                You might also make \topmargin smaller:
(fancyhdr)                \addtolength{\topmargin}{-9.99997pt}.

[33]
LaTeX Font Info:    Font shape `T1/zi4/m/n' will be
(Font)              scaled to size 8.0pt on input line 729.


Package caption Warning: The option `hypcap=true' will be ignored for this
(caption)                particular \caption on input line 743.
See the caption package documentation for explanation.


Overfull \hbox (85.35194pt too wide) in paragraph at lines 740--743
 [] 
 []


Package fancyhdr Warning: \headheight is too small (12.0pt): 
(fancyhdr)                Make it at least 21.99997pt, for example:
(fancyhdr)                \setlength{\headheight}{21.99997pt}.
(fancyhdr)                You might also make \topmargin smaller:
(fancyhdr)                \addtolength{\topmargin}{-9.99997pt}.

[34]) (ch04-architecture.tex

Package fancyhdr Warning: \headheight is too small (12.0pt): 
(fancyhdr)                Make it at least 21.99997pt, for example:
(fancyhdr)                \setlength{\headheight}{21.99997pt}.
(fancyhdr)                You might also make \topmargin smaller:
(fancyhdr)                \addtolength{\topmargin}{-9.99997pt}.

[35]
Chapter 4.

Overfull \hbox (114.24187pt too wide) in paragraph at lines 67--71
 [][] 
 []


Package fancyhdr Warning: \headheight is too small (12.0pt): 
(fancyhdr)                Make it at least 21.99997pt, for example:
(fancyhdr)                \setlength{\headheight}{21.99997pt}.
(fancyhdr)                You might also make \topmargin smaller:
(fancyhdr)                \addtolength{\topmargin}{-9.99997pt}.

[36

]

Package fancyhdr Warning: \headheight is too small (12.0pt): 
(fancyhdr)                Make it at least 21.99997pt, for example:
(fancyhdr)                \setlength{\headheight}{21.99997pt}.
(fancyhdr)                You might also make \topmargin smaller:
(fancyhdr)                \addtolength{\topmargin}{-9.99997pt}.

[37]

Package fancyhdr Warning: \headheight is too small (12.0pt): 
(fancyhdr)                Make it at least 21.99997pt, for example:
(fancyhdr)                \setlength{\headheight}{21.99997pt}.
(fancyhdr)                You might also make \topmargin smaller:
(fancyhdr)                \addtolength{\topmargin}{-9.99997pt}.

[38]

Package pgf Warning: Returning node center instead of a point on node border. D
id you specify a point identical to the center of node ``next''? on input line 
255.


Package fancyhdr Warning: \headheight is too small (12.0pt): 
(fancyhdr)                Make it at least 21.99997pt, for example:
(fancyhdr)                \setlength{\headheight}{21.99997pt}.
(fancyhdr)                You might also make \topmargin smaller:
(fancyhdr)                \addtolength{\topmargin}{-9.99997pt}.

[39]

Package fancyhdr Warning: \headheight is too small (12.0pt): 
(fancyhdr)                Make it at least 21.99997pt, for example:
(fancyhdr)                \setlength{\headheight}{21.99997pt}.
(fancyhdr)                You might also make \topmargin smaller:
(fancyhdr)                \addtolength{\topmargin}{-9.99997pt}.

[40]

Package fancyhdr Warning: \headheight is too small (12.0pt): 
(fancyhdr)                Make it at least 21.99997pt, for example:
(fancyhdr)                \setlength{\headheight}{21.99997pt}.
(fancyhdr)                You might also make \topmargin smaller:
(fancyhdr)                \addtolength{\topmargin}{-9.99997pt}.

[41]
Overfull \hbox (16.71356pt too wide) in paragraph at lines 507--507
 [][][]\T1/zi4/m/n/10 parse\_hand\_data 
 []


Overfull \hbox (1.71356pt too wide) in paragraph at lines 508--508
 [][][]\T1/zi4/m/n/10 fingers\_state 
 []


Overfull \hbox (11.71356pt too wide) in paragraph at lines 509--509
 [][][]\T1/zi4/m/n/10 GestureDebouncer[] 
 []


LaTeX Warning: `h' float specifier changed to `ht'.


Package fancyhdr Warning: \headheight is too small (12.0pt): 
(fancyhdr)                Make it at least 21.99997pt, for example:
(fancyhdr)                \setlength{\headheight}{21.99997pt}.
(fancyhdr)                You might also make \topmargin smaller:
(fancyhdr)                \addtolength{\topmargin}{-9.99997pt}.

[42]) (ch05-source.tex

Package fancyhdr Warning: \headheight is too small (12.0pt): 
(fancyhdr)                Make it at least 21.99997pt, for example:
(fancyhdr)                \setlength{\headheight}{21.99997pt}.
(fancyhdr)                You might also make \topmargin smaller:
(fancyhdr)                \addtolength{\topmargin}{-9.99997pt}.

[43]
Chapter 5.
LaTeX Font Info:    Font shape `T1/zi4/b/n' will be
(Font)              scaled to size 14.4pt on input line 13.
Package hyperref Info: bookmark level for unknown lstlisting defaults to 0 on i
nput line 19.
(../hand_logic.py
LaTeX Info: Symbol \textasciigrave not provided by
            font family zi4 in TS1 encoding.
            Default family used instead on input line 3.
LaTeX Info: Symbol \textasciigrave not provided by
            font family zi4 in TS1 encoding.
            Default family used instead on input line 3.
LaTeX Info: Symbol \textasciigrave not provided by
            font family zi4 in TS1 encoding.
            Default family used instead on input line 3.
LaTeX Info: Symbol \textasciigrave not provided by
            font family zi4 in TS1 encoding.
            Default family used instead on input line 3.
LaTeX Info: Symbol \textasciigrave not provided by
            font family zi4 in TS1 encoding.
            Default family used instead on input line 4.
LaTeX Info: Symbol \textasciigrave not provided by
            font family zi4 in TS1 encoding.
            Default family used instead on input line 4.
LaTeX Info: Symbol \textasciigrave not provided by
            font family zi4 in TS1 encoding.
            Default family used instead on input line 4.
LaTeX Info: Symbol \textasciigrave not provided by
            font family zi4 in TS1 encoding.
            Default family used instead on input line 4.
LaTeX Info: Symbol \textasciigrave not provided by
            font family zi4 in TS1 encoding.
            Default family used instead on input line 7.
LaTeX Info: Symbol \textasciigrave not provided by
            font family zi4 in TS1 encoding.
            Default family used instead on input line 7.
LaTeX Info: Symbol \textasciigrave not provided by
            font family zi4 in TS1 encoding.
            Default family used instead on input line 7.
LaTeX Info: Symbol \textasciigrave not provided by
            font family zi4 in TS1 encoding.
            Default family used instead on input line 7.
LaTeX Info: Symbol \textasciigrave not provided by
            font family zi4 in TS1 encoding.
            Default family used instead on input line 8.
LaTeX Info: Symbol \textasciigrave not provided by
            font family zi4 in TS1 encoding.
            Default family used instead on input line 8.
LaTeX Info: Symbol \textasciigrave not provided by
            font family zi4 in TS1 encoding.
            Default family used instead on input line 8.
LaTeX Info: Symbol \textasciigrave not provided by
            font family zi4 in TS1 encoding.
            Default family used instead on input line 8.
LaTeX Info: Symbol \textasciigrave not provided by
            font family zi4 in TS1 encoding.
            Default family used instead on input line 8.
LaTeX Info: Symbol \textasciigrave not provided by
            font family zi4 in TS1 encoding.
            Default family used instead on input line 8.
LaTeX Info: Symbol \textasciigrave not provided by
            font family zi4 in TS1 encoding.
            Default family used instead on input line 8.
LaTeX Info: Symbol \textasciigrave not provided by
            font family zi4 in TS1 encoding.
            Default family used instead on input line 8.

Missing character: There is no — in font t1-zi4r-0!
)

Package fancyhdr Warning: \headheight is too small (12.0pt): 
(fancyhdr)                Make it at least 21.99997pt, for example:
(fancyhdr)                \setlength{\headheight}{21.99997pt}.
(fancyhdr)                You might also make \topmargin smaller:
(fancyhdr)                \addtolength{\topmargin}{-9.99997pt}.

[44

] (../hand_logic.py
Missing character: There is no — in font t1-zi4r-0!
) (../hand_logic.py
Missing character: There is no — in font t1-zi4r-0!
LaTeX Info: Symbol \textasciigrave not provided by
            font family zi4 in TS1 encoding.
            Default family used instead on input line 43.
LaTeX Info: Symbol \textasciigrave not provided by
            font family zi4 in TS1 encoding.
            Default family used instead on input line 43.
LaTeX Info: Symbol \textasciigrave not provided by
            font family zi4 in TS1 encoding.
            Default family used instead on input line 43.
LaTeX Info: Symbol \textasciigrave not provided by
            font family zi4 in TS1 encoding.
            Default family used instead on input line 43.
)

Package fancyhdr Warning: \headheight is too small (12.0pt): 
(fancyhdr)                Make it at least 21.99997pt, for example:
(fancyhdr)                \setlength{\headheight}{21.99997pt}.
(fancyhdr)                You might also make \topmargin smaller:
(fancyhdr)                \addtolength{\topmargin}{-9.99997pt}.

[45] (../hand_logic.py
Missing character: There is no — in font t1-zi4r-0!
LaTeX Info: Symbol \textasciigrave not provided by
            font family zi4 in TS1 encoding.
            Default family used instead on input line 52.
LaTeX Info: Symbol \textasciigrave not provided by
            font family zi4 in TS1 encoding.
            Default family used instead on input line 52.
LaTeX Info: Symbol \textasciigrave not provided by
            font family zi4 in TS1 encoding.
            Default family used instead on input line 52.
LaTeX Info: Symbol \textasciigrave not provided by
            font family zi4 in TS1 encoding.
            Default family used instead on input line 52.
LaTeX Info: Symbol \textasciigrave not provided by
            font family zi4 in TS1 encoding.
            Default family used instead on input line 56.
LaTeX Info: Symbol \textasciigrave not provided by
            font family zi4 in TS1 encoding.
            Default family used instead on input line 56.
LaTeX Info: Symbol \textasciigrave not provided by
            font family zi4 in TS1 encoding.
            Default family used instead on input line 56.
LaTeX Info: Symbol \textasciigrave not provided by
            font family zi4 in TS1 encoding.
            Default family used instead on input line 56.
LaTeX Info: Symbol \textasciigrave not provided by
            font family zi4 in TS1 encoding.
            Default family used instead on input line 56.
LaTeX Info: Symbol \textasciigrave not provided by
            font family zi4 in TS1 encoding.
            Default family used instead on input line 56.
LaTeX Info: Symbol \textasciigrave not provided by
            font family zi4 in TS1 encoding.
            Default family used instead on input line 56.
LaTeX Info: Symbol \textasciigrave not provided by
            font family zi4 in TS1 encoding.
            Default family used instead on input line 56.
) (../hand_logic.py
Missing character: There is no — in font t1-zi4r-0!
LaTeX Info: Symbol \textasciigrave not provided by
            font family zi4 in TS1 encoding.
            Default family used instead on input line 65.
LaTeX Info: Symbol \textasciigrave not provided by
            font family zi4 in TS1 encoding.
            Default family used instead on input line 65.
LaTeX Info: Symbol \textasciigrave not provided by
            font family zi4 in TS1 encoding.
            Default family used instead on input line 65.
LaTeX Info: Symbol \textasciigrave not provided by
            font family zi4 in TS1 encoding.
            Default family used instead on input line 65.
LaTeX Info: Symbol \textasciigrave not provided by
            font family zi4 in TS1 encoding.
            Default family used instead on input line 65.
LaTeX Info: Symbol \textasciigrave not provided by
            font family zi4 in TS1 encoding.
            Default family used instead on input line 65.
LaTeX Info: Symbol \textasciigrave not provided by
            font family zi4 in TS1 encoding.
            Default family used instead on input line 65.
LaTeX Info: Symbol \textasciigrave not provided by
            font family zi4 in TS1 encoding.
            Default family used instead on input line 65.
) (../hand_logic.py
Missing character: There is no — in font t1-zi4r-0!
)

Package fancyhdr Warning: \headheight is too small (12.0pt): 
(fancyhdr)                Make it at least 21.99997pt, for example:
(fancyhdr)                \setlength{\headheight}{21.99997pt}.
(fancyhdr)                You might also make \topmargin smaller:
(fancyhdr)                \addtolength{\topmargin}{-9.99997pt}.

[46] (../hand_logic.py
Missing character: There is no — in font t1-zi4r-0!
LaTeX Info: Symbol \textasciigrave not provided by
            font family zi4 in TS1 encoding.
            Default family used instead on input line 84.
LaTeX Info: Symbol \textasciigrave not provided by
            font family zi4 in TS1 encoding.
            Default family used instead on input line 84.
LaTeX Info: Symbol \textasciigrave not provided by
            font family zi4 in TS1 encoding.
            Default family used instead on input line 84.
LaTeX Info: Symbol \textasciigrave not provided by
            font family zi4 in TS1 encoding.
            Default family used instead on input line 84.
LaTeX Info: Symbol \textasciigrave not provided by
            font family zi4 in TS1 encoding.
            Default family used instead on input line 85.
LaTeX Info: Symbol \textasciigrave not provided by
            font family zi4 in TS1 encoding.
            Default family used instead on input line 85.
LaTeX Info: Symbol \textasciigrave not provided by
            font family zi4 in TS1 encoding.
            Default family used instead on input line 85.
LaTeX Info: Symbol \textasciigrave not provided by
            font family zi4 in TS1 encoding.
            Default family used instead on input line 85.
LaTeX Info: Symbol \textasciigrave not provided by
            font family zi4 in TS1 encoding.
            Default family used instead on input line 93.
LaTeX Info: Symbol \textasciigrave not provided by
            font family zi4 in TS1 encoding.
            Default family used instead on input line 93.
LaTeX Info: Symbol \textasciigrave not provided by
            font family zi4 in TS1 encoding.
            Default family used instead on input line 93.
LaTeX Info: Symbol \textasciigrave not provided by
            font family zi4 in TS1 encoding.
            Default family used instead on input line 93.
LaTeX Info: Symbol \textasciigrave not provided by
            font family zi4 in TS1 encoding.
            Default family used instead on input line 93.
LaTeX Info: Symbol \textasciigrave not provided by
            font family zi4 in TS1 encoding.
            Default family used instead on input line 93.
LaTeX Info: Symbol \textasciigrave not provided by
            font family zi4 in TS1 encoding.
            Default family used instead on input line 93.
LaTeX Info: Symbol \textasciigrave not provided by
            font family zi4 in TS1 encoding.
            Default family used instead on input line 93.
Missing character: There is no — in font t1-zi4r-0!
)

Package fancyhdr Warning: \headheight is too small (12.0pt): 
(fancyhdr)                Make it at least 21.99997pt, for example:
(fancyhdr)                \setlength{\headheight}{21.99997pt}.
(fancyhdr)                You might also make \topmargin smaller:
(fancyhdr)                \addtolength{\topmargin}{-9.99997pt}.

[47] (../hand_logic.py
Missing character: There is no — in font t1-zi4r-0!
Missing character: There is no — in font t1-zi4r-0!
LaTeX Info: Symbol \textasciigrave not provided by
            font family zi4 in TS1 encoding.
            Default family used instead on input line 128.
LaTeX Info: Symbol \textasciigrave not provided by
            font family zi4 in TS1 encoding.
            Default family used instead on input line 128.
LaTeX Info: Symbol \textasciigrave not provided by
            font family zi4 in TS1 encoding.
            Default family used instead on input line 128.
LaTeX Info: Symbol \textasciigrave not provided by
            font family zi4 in TS1 encoding.
            Default family used instead on input line 128.
Missing character: There is no – in font t1-zi4r-0!
LaTeX Info: Symbol \textasciigrave not provided by
            font family zi4 in TS1 encoding.
            Default family used instead on input line 131.
LaTeX Info: Symbol \textasciigrave not provided by
            font family zi4 in TS1 encoding.
            Default family used instead on input line 131.
LaTeX Info: Symbol \textasciigrave not provided by
            font family zi4 in TS1 encoding.
            Default family used instead on input line 131.
LaTeX Info: Symbol \textasciigrave not provided by
            font family zi4 in TS1 encoding.
            Default family used instead on input line 131.
LaTeX Info: Symbol \textasciigrave not provided by
            font family zi4 in TS1 encoding.
            Default family used instead on input line 135.
LaTeX Info: Symbol \textasciigrave not provided by
            font family zi4 in TS1 encoding.
            Default family used instead on input line 135.
LaTeX Info: Symbol \textasciigrave not provided by
            font family zi4 in TS1 encoding.
            Default family used instead on input line 135.
LaTeX Info: Symbol \textasciigrave not provided by
            font family zi4 in TS1 encoding.
            Default family used instead on input line 135.
LaTeX Info: Symbol \textasciigrave not provided by
            font family zi4 in TS1 encoding.
            Default family used instead on input line 136.
LaTeX Info: Symbol \textasciigrave not provided by
            font family zi4 in TS1 encoding.
            Default family used instead on input line 136.
LaTeX Info: Symbol \textasciigrave not provided by
            font family zi4 in TS1 encoding.
            Default family used instead on input line 136.
LaTeX Info: Symbol \textasciigrave not provided by
            font family zi4 in TS1 encoding.
            Default family used instead on input line 136.
LaTeX Info: Symbol \textasciigrave not provided by
            font family zi4 in TS1 encoding.
            Default family used instead on input line 136.
LaTeX Info: Symbol \textasciigrave not provided by
            font family zi4 in TS1 encoding.
            Default family used instead on input line 136.
LaTeX Info: Symbol \textasciigrave not provided by
            font family zi4 in TS1 encoding.
            Default family used instead on input line 136.
LaTeX Info: Symbol \textasciigrave not provided by
            font family zi4 in TS1 encoding.
            Default family used instead on input line 136.
LaTeX Info: Symbol \textasciigrave not provided by
            font family zi4 in TS1 encoding.
            Default family used instead on input line 136.
LaTeX Info: Symbol \textasciigrave not provided by
            font family zi4 in TS1 encoding.
            Default family used instead on input line 136.
LaTeX Info: Symbol \textasciigrave not provided by
            font family zi4 in TS1 encoding.
            Default family used instead on input line 136.
LaTeX Info: Symbol \textasciigrave not provided by
            font family zi4 in TS1 encoding.
            Default family used instead on input line 136.
LaTeX Info: Symbol \textasciigrave not provided by
            font family zi4 in TS1 encoding.
            Default family used instead on input line 137.
LaTeX Info: Symbol \textasciigrave not provided by
            font family zi4 in TS1 encoding.
            Default family used instead on input line 137.
LaTeX Info: Symbol \textasciigrave not provided by
            font family zi4 in TS1 encoding.
            Default family used instead on input line 137.
LaTeX Info: Symbol \textasciigrave not provided by
            font family zi4 in TS1 encoding.
            Default family used instead on input line 137.
LaTeX Info: Symbol \textasciigrave not provided by
            font family zi4 in TS1 encoding.
            Default family used instead on input line 140.
LaTeX Info: Symbol \textasciigrave not provided by
            font family zi4 in TS1 encoding.
            Default family used instead on input line 140.
LaTeX Info: Symbol \textasciigrave not provided by
            font family zi4 in TS1 encoding.
            Default family used instead on input line 140.
LaTeX Info: Symbol \textasciigrave not provided by
            font family zi4 in TS1 encoding.
            Default family used instead on input line 140.
LaTeX Info: Symbol \textasciigrave not provided by
            font family zi4 in TS1 encoding.
            Default family used instead on input line 143.
LaTeX Info: Symbol \textasciigrave not provided by
            font family zi4 in TS1 encoding.
            Default family used instead on input line 143.
LaTeX Info: Symbol \textasciigrave not provided by
            font family zi4 in TS1 encoding.
            Default family used instead on input line 143.
LaTeX Info: Symbol \textasciigrave not provided by
            font family zi4 in TS1 encoding.
            Default family used instead on input line 143.
LaTeX Info: Symbol \textasciigrave not provided by
            font family zi4 in TS1 encoding.
            Default family used instead on input line 143.
LaTeX Info: Symbol \textasciigrave not provided by
            font family zi4 in TS1 encoding.
            Default family used instead on input line 143.
LaTeX Info: Symbol \textasciigrave not provided by
            font family zi4 in TS1 encoding.
            Default family used instead on input line 143.
LaTeX Info: Symbol \textasciigrave not provided by
            font family zi4 in TS1 encoding.
            Default family used instead on input line 143.
)

Package fancyhdr Warning: \headheight is too small (12.0pt): 
(fancyhdr)                Make it at least 21.99997pt, for example:
(fancyhdr)                \setlength{\headheight}{21.99997pt}.
(fancyhdr)                You might also make \topmargin smaller:
(fancyhdr)                \addtolength{\topmargin}{-9.99997pt}.

[48]

Package fancyhdr Warning: \headheight is too small (12.0pt): 
(fancyhdr)                Make it at least 21.99997pt, for example:
(fancyhdr)                \setlength{\headheight}{21.99997pt}.
(fancyhdr)                You might also make \topmargin smaller:
(fancyhdr)                \addtolength{\topmargin}{-9.99997pt}.

[49] (../hand_logic.py
Missing character: There is no — in font t1-zi4r-0!
Missing character: There is no — in font t1-zi4r-0!
Missing character: There is no – in font t1-zi4r-0!
) (../hand_logic.py
Missing character: There is no — in font t1-zi4r-0!
Missing character: There is no — in font t1-zi4r-0!
Missing character: There is no – in font t1-zi4r-0!
LaTeX Info: Symbol \textasciigrave not provided by
            font family zi4 in TS1 encoding.
            Default family used instead on input line 188.
LaTeX Info: Symbol \textasciigrave not provided by
            font family zi4 in TS1 encoding.
            Default family used instead on input line 188.
LaTeX Info: Symbol \textasciigrave not provided by
            font family zi4 in TS1 encoding.
            Default family used instead on input line 188.
LaTeX Info: Symbol \textasciigrave not provided by
            font family zi4 in TS1 encoding.
            Default family used instead on input line 188.
LaTeX Info: Symbol \textasciigrave not provided by
            font family zi4 in TS1 encoding.
            Default family used instead on input line 188.
LaTeX Info: Symbol \textasciigrave not provided by
            font family zi4 in TS1 encoding.
            Default family used instead on input line 188.
LaTeX Info: Symbol \textasciigrave not provided by
            font family zi4 in TS1 encoding.
            Default family used instead on input line 188.
LaTeX Info: Symbol \textasciigrave not provided by
            font family zi4 in TS1 encoding.
            Default family used instead on input line 188.
LaTeX Info: Symbol \textasciigrave not provided by
            font family zi4 in TS1 encoding.
            Default family used instead on input line 189.
LaTeX Info: Symbol \textasciigrave not provided by
            font family zi4 in TS1 encoding.
            Default family used instead on input line 189.
LaTeX Info: Symbol \textasciigrave not provided by
            font family zi4 in TS1 encoding.
            Default family used instead on input line 189.
LaTeX Info: Symbol \textasciigrave not provided by
            font family zi4 in TS1 encoding.
            Default family used instead on input line 189.
LaTeX Info: Symbol \textasciigrave not provided by
            font family zi4 in TS1 encoding.
            Default family used instead on input line 190.
LaTeX Info: Symbol \textasciigrave not provided by
            font family zi4 in TS1 encoding.
            Default family used instead on input line 190.
Missing character: There is no — in font t1-zi4r-0!
LaTeX Info: Symbol \textasciigrave not provided by
            font family zi4 in TS1 encoding.
            Default family used instead on input line 190.
LaTeX Info: Symbol \textasciigrave not provided by
            font family zi4 in TS1 encoding.
            Default family used instead on input line 190.
)

Package fancyhdr Warning: \headheight is too small (12.0pt): 
(fancyhdr)                Make it at least 21.99997pt, for example:
(fancyhdr)                \setlength{\headheight}{21.99997pt}.
(fancyhdr)                You might also make \topmargin smaller:
(fancyhdr)                \addtolength{\topmargin}{-9.99997pt}.

[50] (../hand_logic.py
Missing character: There is no — in font t1-zi4r-0!
Missing character: There is no — in font t1-zi4r-0!
Missing character: There is no – in font t1-zi4r-0!
Missing character: There is no — in font t1-zi4r-0!
LaTeX Info: Symbol \textasciigrave not provided by
            font family zi4 in TS1 encoding.
            Default family used instead on input line 211.
LaTeX Info: Symbol \textasciigrave not provided by
            font family zi4 in TS1 encoding.
            Default family used instead on input line 211.
LaTeX Info: Symbol \textasciigrave not provided by
            font family zi4 in TS1 encoding.
            Default family used instead on input line 211.
LaTeX Info: Symbol \textasciigrave not provided by
            font family zi4 in TS1 encoding.
            Default family used instead on input line 211.
LaTeX Info: Symbol \textasciigrave not provided by
            font family zi4 in TS1 encoding.
            Default family used instead on input line 213.
LaTeX Info: Symbol \textasciigrave not provided by
            font family zi4 in TS1 encoding.
            Default family used instead on input line 213.
LaTeX Info: Symbol \textasciigrave not provided by
            font family zi4 in TS1 encoding.
            Default family used instead on input line 213.
LaTeX Info: Symbol \textasciigrave not provided by
            font family zi4 in TS1 encoding.
            Default family used instead on input line 213.
LaTeX Info: Symbol \textasciigrave not provided by
            font family zi4 in TS1 encoding.
            Default family used instead on input line 213.
LaTeX Info: Symbol \textasciigrave not provided by
            font family zi4 in TS1 encoding.
            Default family used instead on input line 213.
LaTeX Info: Symbol \textasciigrave not provided by
            font family zi4 in TS1 encoding.
            Default family used instead on input line 213.
LaTeX Info: Symbol \textasciigrave not provided by
            font family zi4 in TS1 encoding.
            Default family used instead on input line 213.
)

Package fancyhdr Warning: \headheight is too small (12.0pt): 
(fancyhdr)                Make it at least 21.99997pt, for example:
(fancyhdr)                \setlength{\headheight}{21.99997pt}.
(fancyhdr)                You might also make \topmargin smaller:
(fancyhdr)                \addtolength{\topmargin}{-9.99997pt}.

[51] (../hand_tracker.py
LaTeX Info: Symbol \textasciigrave not provided by
            font family zi4 in TS1 encoding.
            Default family used instead on input line 46.
LaTeX Info: Symbol \textasciigrave not provided by
            font family zi4 in TS1 encoding.
            Default family used instead on input line 46.
)

Package fancyhdr Warning: \headheight is too small (12.0pt): 
(fancyhdr)                Make it at least 21.99997pt, for example:
(fancyhdr)                \setlength{\headheight}{21.99997pt}.
(fancyhdr)                You might also make \topmargin smaller:
(fancyhdr)                \addtolength{\topmargin}{-9.99997pt}.

[52] (../hand_tracker.py)

Package fancyhdr Warning: \headheight is too small (12.0pt): 
(fancyhdr)                Make it at least 21.99997pt, for example:
(fancyhdr)                \setlength{\headheight}{21.99997pt}.
(fancyhdr)                You might also make \topmargin smaller:
(fancyhdr)                \addtolength{\topmargin}{-9.99997pt}.

[53]
Underfull \hbox (badness 1360) in paragraph at lines 328--333
[]\T1/lmr/bx/n/10.95 Lines 116--119, the cache re-build. \T1/lmr/m/n/10.95 Note
 the or-der: the im-age is mea-sured
 []

(../hand_tracker.py
LaTeX Info: Symbol \textasciigrave not provided by
            font family zi4 in TS1 encoding.
            Default family used instead on input line 125.
LaTeX Info: Symbol \textasciigrave not provided by
            font family zi4 in TS1 encoding.
            Default family used instead on input line 125.
LaTeX Info: Symbol \textasciigrave not provided by
            font family zi4 in TS1 encoding.
            Default family used instead on input line 125.
LaTeX Info: Symbol \textasciigrave not provided by
            font family zi4 in TS1 encoding.
            Default family used instead on input line 125.
LaTeX Info: Symbol \textasciigrave not provided by
            font family zi4 in TS1 encoding.
            Default family used instead on input line 129.
LaTeX Info: Symbol \textasciigrave not provided by
            font family zi4 in TS1 encoding.
            Default family used instead on input line 129.
LaTeX Info: Symbol \textasciigrave not provided by
            font family zi4 in TS1 encoding.
            Default family used instead on input line 129.
LaTeX Info: Symbol \textasciigrave not provided by
            font family zi4 in TS1 encoding.
            Default family used instead on input line 129.
LaTeX Info: Symbol \textasciigrave not provided by
            font family zi4 in TS1 encoding.
            Default family used instead on input line 135.
LaTeX Info: Symbol \textasciigrave not provided by
            font family zi4 in TS1 encoding.
            Default family used instead on input line 135.
LaTeX Info: Symbol \textasciigrave not provided by
            font family zi4 in TS1 encoding.
            Default family used instead on input line 135.
LaTeX Info: Symbol \textasciigrave not provided by
            font family zi4 in TS1 encoding.
            Default family used instead on input line 135.
LaTeX Info: Symbol \textasciigrave not provided by
            font family zi4 in TS1 encoding.
            Default family used instead on input line 137.
LaTeX Info: Symbol \textasciigrave not provided by
            font family zi4 in TS1 encoding.
            Default family used instead on input line 137.
LaTeX Info: Symbol \textasciigrave not provided by
            font family zi4 in TS1 encoding.
            Default family used instead on input line 137.
LaTeX Info: Symbol \textasciigrave not provided by
            font family zi4 in TS1 encoding.
            Default family used instead on input line 137.
LaTeX Info: Symbol \textasciigrave not provided by
            font family zi4 in TS1 encoding.
            Default family used instead on input line 138.
LaTeX Info: Symbol \textasciigrave not provided by
            font family zi4 in TS1 encoding.
            Default family used instead on input line 138.
LaTeX Info: Symbol \textasciigrave not provided by
            font family zi4 in TS1 encoding.
            Default family used instead on input line 138.
LaTeX Info: Symbol \textasciigrave not provided by
            font family zi4 in TS1 encoding.
            Default family used instead on input line 138.
LaTeX Info: Symbol \textasciigrave not provided by
            font family zi4 in TS1 encoding.
            Default family used instead on input line 146.
LaTeX Info: Symbol \textasciigrave not provided by
            font family zi4 in TS1 encoding.
            Default family used instead on input line 146.
LaTeX Info: Symbol \textasciigrave not provided by
            font family zi4 in TS1 encoding.
            Default family used instead on input line 146.
LaTeX Info: Symbol \textasciigrave not provided by
            font family zi4 in TS1 encoding.
            Default family used instead on input line 146.
)

Package fancyhdr Warning: \headheight is too small (12.0pt): 
(fancyhdr)                Make it at least 21.99997pt, for example:
(fancyhdr)                \setlength{\headheight}{21.99997pt}.
(fancyhdr)                You might also make \topmargin smaller:
(fancyhdr)                \addtolength{\topmargin}{-9.99997pt}.

[54] (../hand_tracker.py
LaTeX Info: Symbol \textasciigrave not provided by
            font family zi4 in TS1 encoding.
            Default family used instead on input line 150.
LaTeX Info: Symbol \textasciigrave not provided by
            font family zi4 in TS1 encoding.
            Default family used instead on input line 150.
LaTeX Info: Symbol \textasciigrave not provided by
            font family zi4 in TS1 encoding.
            Default family used instead on input line 150.
LaTeX Info: Symbol \textasciigrave not provided by
            font family zi4 in TS1 encoding.
            Default family used instead on input line 150.
LaTeX Info: Symbol \textasciigrave not provided by
            font family zi4 in TS1 encoding.
            Default family used instead on input line 164.
LaTeX Info: Symbol \textasciigrave not provided by
            font family zi4 in TS1 encoding.
            Default family used instead on input line 164.
LaTeX Info: Symbol \textasciigrave not provided by
            font family zi4 in TS1 encoding.
            Default family used instead on input line 164.
LaTeX Info: Symbol \textasciigrave not provided by
            font family zi4 in TS1 encoding.
            Default family used instead on input line 164.
LaTeX Info: Symbol \textasciigrave not provided by
            font family zi4 in TS1 encoding.
            Default family used instead on input line 164.
LaTeX Info: Symbol \textasciigrave not provided by
            font family zi4 in TS1 encoding.
            Default family used instead on input line 164.
LaTeX Info: Symbol \textasciigrave not provided by
            font family zi4 in TS1 encoding.
            Default family used instead on input line 164.
LaTeX Info: Symbol \textasciigrave not provided by
            font family zi4 in TS1 encoding.
            Default family used instead on input line 164.
LaTeX Info: Symbol \textasciigrave not provided by
            font family zi4 in TS1 encoding.
            Default family used instead on input line 164.
LaTeX Info: Symbol \textasciigrave not provided by
            font family zi4 in TS1 encoding.
            Default family used instead on input line 164.

Missing character: There is no — in font t1-zi4r-0!
LaTeX Info: Symbol \textasciigrave not provided by
            font family zi4 in TS1 encoding.
            Default family used instead on input line 164.
LaTeX Info: Symbol \textasciigrave not provided by
            font family zi4 in TS1 encoding.
            Default family used instead on input line 164.
Missing character: There is no — in font t1-zi4r-0!
)

Package fancyhdr Warning: \headheight is too small (12.0pt): 
(fancyhdr)                Make it at least 21.99997pt, for example:
(fancyhdr)                \setlength{\headheight}{21.99997pt}.
(fancyhdr)                You might also make \topmargin smaller:
(fancyhdr)                \addtolength{\topmargin}{-9.99997pt}.

[55] (../hand_tracker.py
Missing character: There is no — in font t1-zi4r-0!
Missing character: There is no — in font t1-zi4r-0!
Missing character: There is no — in font t1-zi4r-0!
) (../hand_tracker.py
Missing character: There is no — in font t1-zi4r-0!
Missing character: There is no — in font t1-zi4r-0!
Missing character: There is no — in font t1-zi4r-0!
)

Package fancyhdr Warning: \headheight is too small (12.0pt): 
(fancyhdr)                Make it at least 21.99997pt, for example:
(fancyhdr)                \setlength{\headheight}{21.99997pt}.
(fancyhdr)                You might also make \topmargin smaller:
(fancyhdr)                \addtolength{\topmargin}{-9.99997pt}.

[56] (../hand_tracker.py
Missing character: There is no — in font t1-zi4r-0!
Missing character: There is no — in font t1-zi4r-0!
Missing character: There is no — in font t1-zi4r-0!
)

Package fancyhdr Warning: \headheight is too small (12.0pt): 
(fancyhdr)                Make it at least 21.99997pt, for example:
(fancyhdr)                \setlength{\headheight}{21.99997pt}.
(fancyhdr)                You might also make \topmargin smaller:
(fancyhdr)                \addtolength{\topmargin}{-9.99997pt}.

[57] (../hand_tracker.py
Missing character: There is no — in font t1-zi4r-0!
Missing character: There is no — in font t1-zi4r-0!
Missing character: There is no — in font t1-zi4r-0!
LaTeX Info: Symbol \textasciigrave not provided by
            font family zi4 in TS1 encoding.
            Default family used instead on input line 258.
LaTeX Info: Symbol \textasciigrave not provided by
            font family zi4 in TS1 encoding.
            Default family used instead on input line 258.
LaTeX Info: Symbol \textasciigrave not provided by
            font family zi4 in TS1 encoding.
            Default family used instead on input line 258.
LaTeX Info: Symbol \textasciigrave not provided by
            font family zi4 in TS1 encoding.
            Default family used instead on input line 258.
)

Package fancyhdr Warning: \headheight is too small (12.0pt): 
(fancyhdr)                Make it at least 21.99997pt, for example:
(fancyhdr)                \setlength{\headheight}{21.99997pt}.
(fancyhdr)                You might also make \topmargin smaller:
(fancyhdr)                \addtolength{\topmargin}{-9.99997pt}.

[58] (../hand_tracker.py
Missing character: There is no — in font t1-zi4r-0!
Missing character: There is no — in font t1-zi4r-0!
Missing character: There is no — in font t1-zi4r-0!
)

Package fancyhdr Warning: \headheight is too small (12.0pt): 
(fancyhdr)                Make it at least 21.99997pt, for example:
(fancyhdr)                \setlength{\headheight}{21.99997pt}.
(fancyhdr)                You might also make \topmargin smaller:
(fancyhdr)                \addtolength{\topmargin}{-9.99997pt}.

[59] (../hand_tracker.py
Missing character: There is no — in font t1-zi4r-0!
Missing character: There is no — in font t1-zi4r-0!
Missing character: There is no — in font t1-zi4r-0!
LaTeX Info: Symbol \textasciigrave not provided by
            font family zi4 in TS1 encoding.
            Default family used instead on input line 342.
LaTeX Info: Symbol \textasciigrave not provided by
            font family zi4 in TS1 encoding.
            Default family used instead on input line 342.
LaTeX Info: Symbol \textasciigrave not provided by
            font family zi4 in TS1 encoding.
            Default family used instead on input line 342.
LaTeX Info: Symbol \textasciigrave not provided by
            font family zi4 in TS1 encoding.
            Default family used instead on input line 342.
)

Package fancyhdr Warning: \headheight is too small (12.0pt): 
(fancyhdr)                Make it at least 21.99997pt, for example:
(fancyhdr)                \setlength{\headheight}{21.99997pt}.
(fancyhdr)                You might also make \topmargin smaller:
(fancyhdr)                \addtolength{\topmargin}{-9.99997pt}.

[60] (../hand_tracker.py
Missing character: There is no — in font t1-zi4r-0!
Missing character: There is no — in font t1-zi4r-0!
Missing character: There is no — in font t1-zi4r-0!
)

Package fancyhdr Warning: \headheight is too small (12.0pt): 
(fancyhdr)                Make it at least 21.99997pt, for example:
(fancyhdr)                \setlength{\headheight}{21.99997pt}.
(fancyhdr)                You might also make \topmargin smaller:
(fancyhdr)                \addtolength{\topmargin}{-9.99997pt}.

[61]

Package fancyhdr Warning: \headheight is too small (12.0pt): 
(fancyhdr)                Make it at least 21.99997pt, for example:
(fancyhdr)                \setlength{\headheight}{21.99997pt}.
(fancyhdr)                You might also make \topmargin smaller:
(fancyhdr)                \addtolength{\topmargin}{-9.99997pt}.

[62] (../tests/test_hand_logic.py)

Package fancyhdr Warning: \headheight is too small (12.0pt): 
(fancyhdr)                Make it at least 21.99997pt, for example:
(fancyhdr)                \setlength{\headheight}{21.99997pt}.
(fancyhdr)                You might also make \topmargin smaller:
(fancyhdr)                \addtolength{\topmargin}{-9.99997pt}.

[63] (../tests/test_hand_logic.py) (../tests/test_hand_logic.py)
(../tests/test_hand_logic.py)

Package fancyhdr Warning: \headheight is too small (12.0pt): 
(fancyhdr)                Make it at least 21.99997pt, for example:
(fancyhdr)                \setlength{\headheight}{21.99997pt}.
(fancyhdr)                You might also make \topmargin smaller:
(fancyhdr)                \addtolength{\topmargin}{-9.99997pt}.

[64] (../tests/test_hand_logic.py)

Package fancyhdr Warning: \headheight is too small (12.0pt): 
(fancyhdr)                Make it at least 21.99997pt, for example:
(fancyhdr)                \setlength{\headheight}{21.99997pt}.
(fancyhdr)                You might also make \topmargin smaller:
(fancyhdr)                \addtolength{\topmargin}{-9.99997pt}.

[65] (../tests/test_hand_logic.py)

Package fancyhdr Warning: \headheight is too small (12.0pt): 
(fancyhdr)                Make it at least 21.99997pt, for example:
(fancyhdr)                \setlength{\headheight}{21.99997pt}.
(fancyhdr)                You might also make \topmargin smaller:
(fancyhdr)                \addtolength{\topmargin}{-9.99997pt}.

[66]) (appendix-source.tex

Package fancyhdr Warning: \headheight is too small (12.0pt): 
(fancyhdr)                Make it at least 21.99997pt, for example:
(fancyhdr)                \setlength{\headheight}{21.99997pt}.
(fancyhdr)                You might also make \topmargin smaller:
(fancyhdr)                \addtolength{\topmargin}{-9.99997pt}.

[67]
Appendix A.
(../hand_logic.py
LaTeX Info: Symbol \textasciigrave not provided by
            font family zi4 in TS1 encoding.
            Default family used instead on input line 3.
LaTeX Info: Symbol \textasciigrave not provided by
            font family zi4 in TS1 encoding.
            Default family used instead on input line 3.
LaTeX Info: Symbol \textasciigrave not provided by
            font family zi4 in TS1 encoding.
            Default family used instead on input line 3.
LaTeX Info: Symbol \textasciigrave not provided by
            font family zi4 in TS1 encoding.
            Default family used instead on input line 3.
LaTeX Info: Symbol \textasciigrave not provided by
            font family zi4 in TS1 encoding.
            Default family used instead on input line 4.
LaTeX Info: Symbol \textasciigrave not provided by
            font family zi4 in TS1 encoding.
            Default family used instead on input line 4.
LaTeX Info: Symbol \textasciigrave not provided by
            font family zi4 in TS1 encoding.
            Default family used instead on input line 4.
LaTeX Info: Symbol \textasciigrave not provided by
            font family zi4 in TS1 encoding.
            Default family used instead on input line 4.
LaTeX Info: Symbol \textasciigrave not provided by
            font family zi4 in TS1 encoding.
            Default family used instead on input line 7.
LaTeX Info: Symbol \textasciigrave not provided by
            font family zi4 in TS1 encoding.
            Default family used instead on input line 7.
LaTeX Info: Symbol \textasciigrave not provided by
            font family zi4 in TS1 encoding.
            Default family used instead on input line 7.
LaTeX Info: Symbol \textasciigrave not provided by
            font family zi4 in TS1 encoding.
            Default family used instead on input line 7.
LaTeX Info: Symbol \textasciigrave not provided by
            font family zi4 in TS1 encoding.
            Default family used instead on input line 8.
LaTeX Info: Symbol \textasciigrave not provided by
            font family zi4 in TS1 encoding.
            Default family used instead on input line 8.
LaTeX Info: Symbol \textasciigrave not provided by
            font family zi4 in TS1 encoding.
            Default family used instead on input line 8.
LaTeX Info: Symbol \textasciigrave not provided by
            font family zi4 in TS1 encoding.
            Default family used instead on input line 8.
LaTeX Info: Symbol \textasciigrave not provided by
            font family zi4 in TS1 encoding.
            Default family used instead on input line 8.
LaTeX Info: Symbol \textasciigrave not provided by
            font family zi4 in TS1 encoding.
            Default family used instead on input line 8.
LaTeX Info: Symbol \textasciigrave not provided by
            font family zi4 in TS1 encoding.
            Default family used instead on input line 8.
LaTeX Info: Symbol \textasciigrave not provided by
            font family zi4 in TS1 encoding.
            Default family used instead on input line 8.

Missing character: There is no — in font t1-zi4r-0!
LaTeX Info: Symbol \textasciigrave not provided by
            font family zi4 in TS1 encoding.
            Default family used instead on input line 43.
LaTeX Info: Symbol \textasciigrave not provided by
            font family zi4 in TS1 encoding.
            Default family used instead on input line 43.
LaTeX Info: Symbol \textasciigrave not provided by
            font family zi4 in TS1 encoding.
            Default family used instead on input line 43.
LaTeX Info: Symbol \textasciigrave not provided by
            font family zi4 in TS1 encoding.
            Default family used instead on input line 43.

Package fancyhdr Warning: \headheight is too small (12.0pt): 
(fancyhdr)                Make it at least 21.99997pt, for example:
(fancyhdr)                \setlength{\headheight}{21.99997pt}.
(fancyhdr)                You might also make \topmargin smaller:
(fancyhdr)                \addtolength{\topmargin}{-9.99997pt}.

[68

]
LaTeX Info: Symbol \textasciigrave not provided by
            font family zi4 in TS1 encoding.
            Default family used instead on input line 52.
LaTeX Info: Symbol \textasciigrave not provided by
            font family zi4 in TS1 encoding.
            Default family used instead on input line 52.
LaTeX Info: Symbol \textasciigrave not provided by
            font family zi4 in TS1 encoding.
            Default family used instead on input line 52.
LaTeX Info: Symbol \textasciigrave not provided by
            font family zi4 in TS1 encoding.
            Default family used instead on input line 52.
LaTeX Info: Symbol \textasciigrave not provided by
            font family zi4 in TS1 encoding.
            Default family used instead on input line 56.
LaTeX Info: Symbol \textasciigrave not provided by
            font family zi4 in TS1 encoding.
            Default family used instead on input line 56.
LaTeX Info: Symbol \textasciigrave not provided by
            font family zi4 in TS1 encoding.
            Default family used instead on input line 56.
LaTeX Info: Symbol \textasciigrave not provided by
            font family zi4 in TS1 encoding.
            Default family used instead on input line 56.
LaTeX Info: Symbol \textasciigrave not provided by
            font family zi4 in TS1 encoding.
            Default family used instead on input line 56.
LaTeX Info: Symbol \textasciigrave not provided by
            font family zi4 in TS1 encoding.
            Default family used instead on input line 56.
LaTeX Info: Symbol \textasciigrave not provided by
            font family zi4 in TS1 encoding.
            Default family used instead on input line 56.
LaTeX Info: Symbol \textasciigrave not provided by
            font family zi4 in TS1 encoding.
            Default family used instead on input line 56.
LaTeX Info: Symbol \textasciigrave not provided by
            font family zi4 in TS1 encoding.
            Default family used instead on input line 65.
LaTeX Info: Symbol \textasciigrave not provided by
            font family zi4 in TS1 encoding.
            Default family used instead on input line 65.
LaTeX Info: Symbol \textasciigrave not provided by
            font family zi4 in TS1 encoding.
            Default family used instead on input line 65.
LaTeX Info: Symbol \textasciigrave not provided by
            font family zi4 in TS1 encoding.
            Default family used instead on input line 65.
LaTeX Info: Symbol \textasciigrave not provided by
            font family zi4 in TS1 encoding.
            Default family used instead on input line 65.
LaTeX Info: Symbol \textasciigrave not provided by
            font family zi4 in TS1 encoding.
            Default family used instead on input line 65.
LaTeX Info: Symbol \textasciigrave not provided by
            font family zi4 in TS1 encoding.
            Default family used instead on input line 65.
LaTeX Info: Symbol \textasciigrave not provided by
            font family zi4 in TS1 encoding.
            Default family used instead on input line 65.
LaTeX Info: Symbol \textasciigrave not provided by
            font family zi4 in TS1 encoding.
            Default family used instead on input line 84.
LaTeX Info: Symbol \textasciigrave not provided by
            font family zi4 in TS1 encoding.
            Default family used instead on input line 84.
LaTeX Info: Symbol \textasciigrave not provided by
            font family zi4 in TS1 encoding.
            Default family used instead on input line 84.
LaTeX Info: Symbol \textasciigrave not provided by
            font family zi4 in TS1 encoding.
            Default family used instead on input line 84.
LaTeX Info: Symbol \textasciigrave not provided by
            font family zi4 in TS1 encoding.
            Default family used instead on input line 85.
LaTeX Info: Symbol \textasciigrave not provided by
            font family zi4 in TS1 encoding.
            Default family used instead on input line 85.
LaTeX Info: Symbol \textasciigrave not provided by
            font family zi4 in TS1 encoding.
            Default family used instead on input line 85.
LaTeX Info: Symbol \textasciigrave not provided by
            font family zi4 in TS1 encoding.
            Default family used instead on input line 85.
LaTeX Info: Symbol \textasciigrave not provided by
            font family zi4 in TS1 encoding.
            Default family used instead on input line 93.
LaTeX Info: Symbol \textasciigrave not provided by
            font family zi4 in TS1 encoding.
            Default family used instead on input line 93.
LaTeX Info: Symbol \textasciigrave not provided by
            font family zi4 in TS1 encoding.
            Default family used instead on input line 93.
LaTeX Info: Symbol \textasciigrave not provided by
            font family zi4 in TS1 encoding.
            Default family used instead on input line 93.
LaTeX Info: Symbol \textasciigrave not provided by
            font family zi4 in TS1 encoding.
            Default family used instead on input line 93.
LaTeX Info: Symbol \textasciigrave not provided by
            font family zi4 in TS1 encoding.
            Default family used instead on input line 93.
LaTeX Info: Symbol \textasciigrave not provided by
            font family zi4 in TS1 encoding.
            Default family used instead on input line 93.
LaTeX Info: Symbol \textasciigrave not provided by
            font family zi4 in TS1 encoding.
            Default family used instead on input line 93.

Missing character: There is no — in font t1-zi4r-0!

Package fancyhdr Warning: \headheight is too small (12.0pt): 
(fancyhdr)                Make it at least 21.99997pt, for example:
(fancyhdr)                \setlength{\headheight}{21.99997pt}.
(fancyhdr)                You might also make \topmargin smaller:
(fancyhdr)                \addtolength{\topmargin}{-9.99997pt}.

[69]
LaTeX Info: Symbol \textasciigrave not provided by
            font family zi4 in TS1 encoding.
            Default family used instead on input line 128.
LaTeX Info: Symbol \textasciigrave not provided by
            font family zi4 in TS1 encoding.
            Default family used instead on input line 128.
LaTeX Info: Symbol \textasciigrave not provided by
            font family zi4 in TS1 encoding.
            Default family used instead on input line 128.
LaTeX Info: Symbol \textasciigrave not provided by
            font family zi4 in TS1 encoding.
            Default family used instead on input line 128.

Missing character: There is no – in font t1-zi4r-0!
LaTeX Info: Symbol \textasciigrave not provided by
            font family zi4 in TS1 encoding.
            Default family used instead on input line 131.
LaTeX Info: Symbol \textasciigrave not provided by
            font family zi4 in TS1 encoding.
            Default family used instead on input line 131.
LaTeX Info: Symbol \textasciigrave not provided by
            font family zi4 in TS1 encoding.
            Default family used instead on input line 131.
LaTeX Info: Symbol \textasciigrave not provided by
            font family zi4 in TS1 encoding.
            Default family used instead on input line 131.
LaTeX Info: Symbol \textasciigrave not provided by
            font family zi4 in TS1 encoding.
            Default family used instead on input line 135.
LaTeX Info: Symbol \textasciigrave not provided by
            font family zi4 in TS1 encoding.
            Default family used instead on input line 135.
LaTeX Info: Symbol \textasciigrave not provided by
            font family zi4 in TS1 encoding.
            Default family used instead on input line 135.
LaTeX Info: Symbol \textasciigrave not provided by
            font family zi4 in TS1 encoding.
            Default family used instead on input line 135.
LaTeX Info: Symbol \textasciigrave not provided by
            font family zi4 in TS1 encoding.
            Default family used instead on input line 136.
LaTeX Info: Symbol \textasciigrave not provided by
            font family zi4 in TS1 encoding.
            Default family used instead on input line 136.
LaTeX Info: Symbol \textasciigrave not provided by
            font family zi4 in TS1 encoding.
            Default family used instead on input line 136.
LaTeX Info: Symbol \textasciigrave not provided by
            font family zi4 in TS1 encoding.
            Default family used instead on input line 136.
LaTeX Info: Symbol \textasciigrave not provided by
            font family zi4 in TS1 encoding.
            Default family used instead on input line 136.
LaTeX Info: Symbol \textasciigrave not provided by
            font family zi4 in TS1 encoding.
            Default family used instead on input line 136.
LaTeX Info: Symbol \textasciigrave not provided by
            font family zi4 in TS1 encoding.
            Default family used instead on input line 136.
LaTeX Info: Symbol \textasciigrave not provided by
            font family zi4 in TS1 encoding.
            Default family used instead on input line 136.
LaTeX Info: Symbol \textasciigrave not provided by
            font family zi4 in TS1 encoding.
            Default family used instead on input line 136.
LaTeX Info: Symbol \textasciigrave not provided by
            font family zi4 in TS1 encoding.
            Default family used instead on input line 136.
LaTeX Info: Symbol \textasciigrave not provided by
            font family zi4 in TS1 encoding.
            Default family used instead on input line 136.
LaTeX Info: Symbol \textasciigrave not provided by
            font family zi4 in TS1 encoding.
            Default family used instead on input line 136.
LaTeX Info: Symbol \textasciigrave not provided by
            font family zi4 in TS1 encoding.
            Default family used instead on input line 137.
LaTeX Info: Symbol \textasciigrave not provided by
            font family zi4 in TS1 encoding.
            Default family used instead on input line 137.
LaTeX Info: Symbol \textasciigrave not provided by
            font family zi4 in TS1 encoding.
            Default family used instead on input line 137.
LaTeX Info: Symbol \textasciigrave not provided by
            font family zi4 in TS1 encoding.
            Default family used instead on input line 137.
LaTeX Info: Symbol \textasciigrave not provided by
            font family zi4 in TS1 encoding.
            Default family used instead on input line 140.
LaTeX Info: Symbol \textasciigrave not provided by
            font family zi4 in TS1 encoding.
            Default family used instead on input line 140.
LaTeX Info: Symbol \textasciigrave not provided by
            font family zi4 in TS1 encoding.
            Default family used instead on input line 140.
LaTeX Info: Symbol \textasciigrave not provided by
            font family zi4 in TS1 encoding.
            Default family used instead on input line 140.
LaTeX Info: Symbol \textasciigrave not provided by
            font family zi4 in TS1 encoding.
            Default family used instead on input line 143.
LaTeX Info: Symbol \textasciigrave not provided by
            font family zi4 in TS1 encoding.
            Default family used instead on input line 143.
LaTeX Info: Symbol \textasciigrave not provided by
            font family zi4 in TS1 encoding.
            Default family used instead on input line 143.
LaTeX Info: Symbol \textasciigrave not provided by
            font family zi4 in TS1 encoding.
            Default family used instead on input line 143.
LaTeX Info: Symbol \textasciigrave not provided by
            font family zi4 in TS1 encoding.
            Default family used instead on input line 143.
LaTeX Info: Symbol \textasciigrave not provided by
            font family zi4 in TS1 encoding.
            Default family used instead on input line 143.
LaTeX Info: Symbol \textasciigrave not provided by
            font family zi4 in TS1 encoding.
            Default family used instead on input line 143.
LaTeX Info: Symbol \textasciigrave not provided by
            font family zi4 in TS1 encoding.
            Default family used instead on input line 143.

Package fancyhdr Warning: \headheight is too small (12.0pt): 
(fancyhdr)                Make it at least 21.99997pt, for example:
(fancyhdr)                \setlength{\headheight}{21.99997pt}.
(fancyhdr)                You might also make \topmargin smaller:
(fancyhdr)                \addtolength{\topmargin}{-9.99997pt}.

[70]
LaTeX Info: Symbol \textasciigrave not provided by
            font family zi4 in TS1 encoding.
            Default family used instead on input line 188.
LaTeX Info: Symbol \textasciigrave not provided by
            font family zi4 in TS1 encoding.
            Default family used instead on input line 188.
LaTeX Info: Symbol \textasciigrave not provided by
            font family zi4 in TS1 encoding.
            Default family used instead on input line 188.
LaTeX Info: Symbol \textasciigrave not provided by
            font family zi4 in TS1 encoding.
            Default family used instead on input line 188.
LaTeX Info: Symbol \textasciigrave not provided by
            font family zi4 in TS1 encoding.
            Default family used instead on input line 188.
LaTeX Info: Symbol \textasciigrave not provided by
            font family zi4 in TS1 encoding.
            Default family used instead on input line 188.
LaTeX Info: Symbol \textasciigrave not provided by
            font family zi4 in TS1 encoding.
            Default family used instead on input line 188.
LaTeX Info: Symbol \textasciigrave not provided by
            font family zi4 in TS1 encoding.
            Default family used instead on input line 188.
LaTeX Info: Symbol \textasciigrave not provided by
            font family zi4 in TS1 encoding.
            Default family used instead on input line 189.
LaTeX Info: Symbol \textasciigrave not provided by
            font family zi4 in TS1 encoding.
            Default family used instead on input line 189.
LaTeX Info: Symbol \textasciigrave not provided by
            font family zi4 in TS1 encoding.
            Default family used instead on input line 189.
LaTeX Info: Symbol \textasciigrave not provided by
            font family zi4 in TS1 encoding.
            Default family used instead on input line 189.
LaTeX Info: Symbol \textasciigrave not provided by
            font family zi4 in TS1 encoding.
            Default family used instead on input line 190.
LaTeX Info: Symbol \textasciigrave not provided by
            font family zi4 in TS1 encoding.
            Default family used instead on input line 190.

Missing character: There is no — in font t1-zi4r-0!
LaTeX Info: Symbol \textasciigrave not provided by
            font family zi4 in TS1 encoding.
            Default family used instead on input line 190.
LaTeX Info: Symbol \textasciigrave not provided by
            font family zi4 in TS1 encoding.
            Default family used instead on input line 190.
LaTeX Info: Symbol \textasciigrave not provided by
            font family zi4 in TS1 encoding.
            Default family used instead on input line 211.
LaTeX Info: Symbol \textasciigrave not provided by
            font family zi4 in TS1 encoding.
            Default family used instead on input line 211.
LaTeX Info: Symbol \textasciigrave not provided by
            font family zi4 in TS1 encoding.
            Default family used instead on input line 211.
LaTeX Info: Symbol \textasciigrave not provided by
            font family zi4 in TS1 encoding.
            Default family used instead on input line 211.
LaTeX Info: Symbol \textasciigrave not provided by
            font family zi4 in TS1 encoding.
            Default family used instead on input line 213.
LaTeX Info: Symbol \textasciigrave not provided by
            font family zi4 in TS1 encoding.
            Default family used instead on input line 213.
LaTeX Info: Symbol \textasciigrave not provided by
            font family zi4 in TS1 encoding.
            Default family used instead on input line 213.
LaTeX Info: Symbol \textasciigrave not provided by
            font family zi4 in TS1 encoding.
            Default family used instead on input line 213.
LaTeX Info: Symbol \textasciigrave not provided by
            font family zi4 in TS1 encoding.
            Default family used instead on input line 213.
LaTeX Info: Symbol \textasciigrave not provided by
            font family zi4 in TS1 encoding.
            Default family used instead on input line 213.
LaTeX Info: Symbol \textasciigrave not provided by
            font family zi4 in TS1 encoding.
            Default family used instead on input line 213.
LaTeX Info: Symbol \textasciigrave not provided by
            font family zi4 in TS1 encoding.
            Default family used instead on input line 213.
)

Package fancyhdr Warning: \headheight is too small (12.0pt): 
(fancyhdr)                Make it at least 21.99997pt, for example:
(fancyhdr)                \setlength{\headheight}{21.99997pt}.
(fancyhdr)                You might also make \topmargin smaller:
(fancyhdr)                \addtolength{\topmargin}{-9.99997pt}.

[71] (../hand_tracker.py
LaTeX Info: Symbol \textasciigrave not provided by
            font family zi4 in TS1 encoding.
            Default family used instead on input line 7.
LaTeX Info: Symbol \textasciigrave not provided by
            font family zi4 in TS1 encoding.
            Default family used instead on input line 7.
LaTeX Info: Symbol \textasciigrave not provided by
            font family zi4 in TS1 encoding.
            Default family used instead on input line 7.
LaTeX Info: Symbol \textasciigrave not provided by
            font family zi4 in TS1 encoding.
            Default family used instead on input line 7.
LaTeX Info: Symbol \textasciigrave not provided by
            font family zi4 in TS1 encoding.
            Default family used instead on input line 11.
LaTeX Info: Symbol \textasciigrave not provided by
            font family zi4 in TS1 encoding.
            Default family used instead on input line 11.
LaTeX Info: Symbol \textasciigrave not provided by
            font family zi4 in TS1 encoding.
            Default family used instead on input line 11.
LaTeX Info: Symbol \textasciigrave not provided by
            font family zi4 in TS1 encoding.
            Default family used instead on input line 11.
LaTeX Info: Symbol \textasciigrave not provided by
            font family zi4 in TS1 encoding.
            Default family used instead on input line 46.
LaTeX Info: Symbol \textasciigrave not provided by
            font family zi4 in TS1 encoding.
            Default family used instead on input line 46.


Package fancyhdr Warning: \headheight is too small (12.0pt): 
(fancyhdr)                Make it at least 21.99997pt, for example:
(fancyhdr)                \setlength{\headheight}{21.99997pt}.
(fancyhdr)                You might also make \topmargin smaller:
(fancyhdr)                \addtolength{\topmargin}{-9.99997pt}.

[72

]

Package fancyhdr Warning: \headheight is too small (12.0pt): 
(fancyhdr)                Make it at least 21.99997pt, for example:
(fancyhdr)                \setlength{\headheight}{21.99997pt}.
(fancyhdr)                You might also make \topmargin smaller:
(fancyhdr)                \addtolength{\topmargin}{-9.99997pt}.

[73]
LaTeX Info: Symbol \textasciigrave not provided by
            font family zi4 in TS1 encoding.
            Default family used instead on input line 125.
LaTeX Info: Symbol \textasciigrave not provided by
            font family zi4 in TS1 encoding.
            Default family used instead on input line 125.
LaTeX Info: Symbol \textasciigrave not provided by
            font family zi4 in TS1 encoding.
            Default family used instead on input line 125.
LaTeX Info: Symbol \textasciigrave not provided by
            font family zi4 in TS1 encoding.
            Default family used instead on input line 125.
LaTeX Info: Symbol \textasciigrave not provided by
            font family zi4 in TS1 encoding.
            Default family used instead on input line 129.
LaTeX Info: Symbol \textasciigrave not provided by
            font family zi4 in TS1 encoding.
            Default family used instead on input line 129.
LaTeX Info: Symbol \textasciigrave not provided by
            font family zi4 in TS1 encoding.
            Default family used instead on input line 129.
LaTeX Info: Symbol \textasciigrave not provided by
            font family zi4 in TS1 encoding.
            Default family used instead on input line 129.
LaTeX Info: Symbol \textasciigrave not provided by
            font family zi4 in TS1 encoding.
            Default family used instead on input line 135.
LaTeX Info: Symbol \textasciigrave not provided by
            font family zi4 in TS1 encoding.
            Default family used instead on input line 135.
LaTeX Info: Symbol \textasciigrave not provided by
            font family zi4 in TS1 encoding.
            Default family used instead on input line 135.
LaTeX Info: Symbol \textasciigrave not provided by
            font family zi4 in TS1 encoding.
            Default family used instead on input line 135.
LaTeX Info: Symbol \textasciigrave not provided by
            font family zi4 in TS1 encoding.
            Default family used instead on input line 137.
LaTeX Info: Symbol \textasciigrave not provided by
            font family zi4 in TS1 encoding.
            Default family used instead on input line 137.
LaTeX Info: Symbol \textasciigrave not provided by
            font family zi4 in TS1 encoding.
            Default family used instead on input line 137.
LaTeX Info: Symbol \textasciigrave not provided by
            font family zi4 in TS1 encoding.
            Default family used instead on input line 137.
LaTeX Info: Symbol \textasciigrave not provided by
            font family zi4 in TS1 encoding.
            Default family used instead on input line 138.
LaTeX Info: Symbol \textasciigrave not provided by
            font family zi4 in TS1 encoding.
            Default family used instead on input line 138.
LaTeX Info: Symbol \textasciigrave not provided by
            font family zi4 in TS1 encoding.
            Default family used instead on input line 138.
LaTeX Info: Symbol \textasciigrave not provided by
            font family zi4 in TS1 encoding.
            Default family used instead on input line 138.
LaTeX Info: Symbol \textasciigrave not provided by
            font family zi4 in TS1 encoding.
            Default family used instead on input line 146.
LaTeX Info: Symbol \textasciigrave not provided by
            font family zi4 in TS1 encoding.
            Default family used instead on input line 146.
LaTeX Info: Symbol \textasciigrave not provided by
            font family zi4 in TS1 encoding.
            Default family used instead on input line 146.
LaTeX Info: Symbol \textasciigrave not provided by
            font family zi4 in TS1 encoding.
            Default family used instead on input line 146.
LaTeX Info: Symbol \textasciigrave not provided by
            font family zi4 in TS1 encoding.
            Default family used instead on input line 150.
LaTeX Info: Symbol \textasciigrave not provided by
            font family zi4 in TS1 encoding.
            Default family used instead on input line 150.
LaTeX Info: Symbol \textasciigrave not provided by
            font family zi4 in TS1 encoding.
            Default family used instead on input line 150.
LaTeX Info: Symbol \textasciigrave not provided by
            font family zi4 in TS1 encoding.
            Default family used instead on input line 150.
LaTeX Info: Symbol \textasciigrave not provided by
            font family zi4 in TS1 encoding.
            Default family used instead on input line 164.
LaTeX Info: Symbol \textasciigrave not provided by
            font family zi4 in TS1 encoding.
            Default family used instead on input line 164.
LaTeX Info: Symbol \textasciigrave not provided by
            font family zi4 in TS1 encoding.
            Default family used instead on input line 164.
LaTeX Info: Symbol \textasciigrave not provided by
            font family zi4 in TS1 encoding.
            Default family used instead on input line 164.
LaTeX Info: Symbol \textasciigrave not provided by
            font family zi4 in TS1 encoding.
            Default family used instead on input line 164.
LaTeX Info: Symbol \textasciigrave not provided by
            font family zi4 in TS1 encoding.
            Default family used instead on input line 164.
LaTeX Info: Symbol \textasciigrave not provided by
            font family zi4 in TS1 encoding.
            Default family used instead on input line 164.
LaTeX Info: Symbol \textasciigrave not provided by
            font family zi4 in TS1 encoding.
            Default family used instead on input line 164.
LaTeX Info: Symbol \textasciigrave not provided by
            font family zi4 in TS1 encoding.
            Default family used instead on input line 164.
LaTeX Info: Symbol \textasciigrave not provided by
            font family zi4 in TS1 encoding.
            Default family used instead on input line 164.

Missing character: There is no — in font t1-zi4r-0!
LaTeX Info: Symbol \textasciigrave not provided by
            font family zi4 in TS1 encoding.
            Default family used instead on input line 164.
LaTeX Info: Symbol \textasciigrave not provided by
            font family zi4 in TS1 encoding.
            Default family used instead on input line 164.
Missing character: There is no — in font t1-zi4r-0!
Missing character: There is no — in font t1-zi4r-0!

Package fancyhdr Warning: \headheight is too small (12.0pt): 
(fancyhdr)                Make it at least 21.99997pt, for example:
(fancyhdr)                \setlength{\headheight}{21.99997pt}.
(fancyhdr)                You might also make \topmargin smaller:
(fancyhdr)                \addtolength{\topmargin}{-9.99997pt}.

[74]

Package fancyhdr Warning: \headheight is too small (12.0pt): 
(fancyhdr)                Make it at least 21.99997pt, for example:
(fancyhdr)                \setlength{\headheight}{21.99997pt}.
(fancyhdr)                You might also make \topmargin smaller:
(fancyhdr)                \addtolength{\topmargin}{-9.99997pt}.

[75]
LaTeX Info: Symbol \textasciigrave not provided by
            font family zi4 in TS1 encoding.
            Default family used instead on input line 258.
LaTeX Info: Symbol \textasciigrave not provided by
            font family zi4 in TS1 encoding.
            Default family used instead on input line 258.
LaTeX Info: Symbol \textasciigrave not provided by
            font family zi4 in TS1 encoding.
            Default family used instead on input line 258.
LaTeX Info: Symbol \textasciigrave not provided by
            font family zi4 in TS1 encoding.
            Default family used instead on input line 258.


Package fancyhdr Warning: \headheight is too small (12.0pt): 
(fancyhdr)                Make it at least 21.99997pt, for example:
(fancyhdr)                \setlength{\headheight}{21.99997pt}.
(fancyhdr)                You might also make \topmargin smaller:
(fancyhdr)                \addtolength{\topmargin}{-9.99997pt}.

[76]
LaTeX Info: Symbol \textasciigrave not provided by
            font family zi4 in TS1 encoding.
            Default family used instead on input line 342.
LaTeX Info: Symbol \textasciigrave not provided by
            font family zi4 in TS1 encoding.
            Default family used instead on input line 342.
LaTeX Info: Symbol \textasciigrave not provided by
            font family zi4 in TS1 encoding.
            Default family used instead on input line 342.
LaTeX Info: Symbol \textasciigrave not provided by
            font family zi4 in TS1 encoding.
            Default family used instead on input line 342.


Package fancyhdr Warning: \headheight is too small (12.0pt): 
(fancyhdr)                Make it at least 21.99997pt, for example:
(fancyhdr)                \setlength{\headheight}{21.99997pt}.
(fancyhdr)                You might also make \topmargin smaller:
(fancyhdr)                \addtolength{\topmargin}{-9.99997pt}.

[77])

Package fancyhdr Warning: \headheight is too small (12.0pt): 
(fancyhdr)                Make it at least 21.99997pt, for example:
(fancyhdr)                \setlength{\headheight}{21.99997pt}.
(fancyhdr)                You might also make \topmargin smaller:
(fancyhdr)                \addtolength{\topmargin}{-9.99997pt}.

[78] (../tests/test_hand_logic.py
LaTeX Info: Symbol \textasciigrave not provided by
            font family zi4 in TS1 encoding.
            Default family used instead on input line 1.
LaTeX Info: Symbol \textasciigrave not provided by
            font family zi4 in TS1 encoding.
            Default family used instead on input line 1.
LaTeX Info: Symbol \textasciigrave not provided by
            font family zi4 in TS1 encoding.
            Default family used instead on input line 1.
LaTeX Info: Symbol \textasciigrave not provided by
            font family zi4 in TS1 encoding.
            Default family used instead on input line 1.


Package fancyhdr Warning: \headheight is too small (12.0pt): 
(fancyhdr)                Make it at least 21.99997pt, for example:
(fancyhdr)                \setlength{\headheight}{21.99997pt}.
(fancyhdr)                You might also make \topmargin smaller:
(fancyhdr)                \addtolength{\topmargin}{-9.99997pt}.

[79

]

Package fancyhdr Warning: \headheight is too small (12.0pt): 
(fancyhdr)                Make it at least 21.99997pt, for example:
(fancyhdr)                \setlength{\headheight}{21.99997pt}.
(fancyhdr)                You might also make \topmargin smaller:
(fancyhdr)                \addtolength{\topmargin}{-9.99997pt}.

[80]

Package fancyhdr Warning: \headheight is too small (12.0pt): 
(fancyhdr)                Make it at least 21.99997pt, for example:
(fancyhdr)                \setlength{\headheight}{21.99997pt}.
(fancyhdr)                You might also make \topmargin smaller:
(fancyhdr)                \addtolength{\topmargin}{-9.99997pt}.

[81]

Package fancyhdr Warning: \headheight is too small (12.0pt): 
(fancyhdr)                Make it at least 21.99997pt, for example:
(fancyhdr)                \setlength{\headheight}{21.99997pt}.
(fancyhdr)                You might also make \topmargin smaller:
(fancyhdr)                \addtolength{\topmargin}{-9.99997pt}.

[82]

Package fancyhdr Warning: \headheight is too small (12.0pt): 
(fancyhdr)                Make it at least 21.99997pt, for example:
(fancyhdr)                \setlength{\headheight}{21.99997pt}.
(fancyhdr)                You might also make \topmargin smaller:
(fancyhdr)                \addtolength{\topmargin}{-9.99997pt}.

[83]

Package fancyhdr Warning: \headheight is too small (12.0pt): 
(fancyhdr)                Make it at least 21.99997pt, for example:
(fancyhdr)                \setlength{\headheight}{21.99997pt}.
(fancyhdr)                You might also make \topmargin smaller:
(fancyhdr)                \addtolength{\topmargin}{-9.99997pt}.

[84])

Package fancyhdr Warning: \headheight is too small (12.0pt): 
(fancyhdr)                Make it at least 21.99997pt, for example:
(fancyhdr)                \setlength{\headheight}{21.99997pt}.
(fancyhdr)                You might also make \topmargin smaller:
(fancyhdr)                \addtolength{\topmargin}{-9.99997pt}.

[85]
Appendix B.

Underfull \hbox (badness 10000) in paragraph at lines 54--54
[]|\T1/lmr/m/n/10.95 Three pack-ages in-
 []


Underfull \hbox (badness 10000) in paragraph at lines 54--54
\T1/lmr/m/n/10.95 stall: \T1/zi4/m/n/10 mediapipe 0.10.14\T1/lmr/m/n/10.95 ,
 []


Underfull \hbox (badness 10000) in paragraph at lines 54--54
\T1/zi4/m/n/10 opencv-contrib-python
 []


Underfull \hbox (badness 10000) in paragraph at lines 54--54
\T1/zi4/m/n/10 tests/fixtures/hand\_out.png\T1/lmr/m/n/10.95 ;
 []


Package tabularx Warning: X Columns too narrow (table too wide)
(tabularx)                 on input line 80.


Overfull \hbox (45.80748pt too wide) in paragraph at lines 80--80
[]|\T1/lmr/bx/n/10.95 Procedure| 
 []


Overfull \hbox (14.81285pt too wide) in paragraph at lines 80--80
[]|\T1/lmr/m/n/10.95 Raise
 []


Overfull \hbox (5.47498pt too wide) in paragraph at lines 80--80
\T1/lmr/m/n/10.95 one
 []


Overfull \hbox (14.29434pt too wide) in paragraph at lines 80--80
\T1/lmr/m/n/10.95 hand,
 []


Overfull \hbox (3.03786pt too wide) in paragraph at lines 80--80
\T1/lmr/m/n/10.95 fin-
 []


Overfull \hbox (7.99968pt too wide) in paragraph at lines 80--80
\T1/lmr/m/n/10.95 gers
 []


Overfull \hbox (4.25815pt too wide) in paragraph at lines 80--80
\T1/lmr/m/n/10.95 up.| 
 []


Overfull \hbox (14.81285pt too wide) in paragraph at lines 80--80
[]|\T1/lmr/m/n/10.95 Raise
 []


Overfull \hbox (11.25412pt too wide) in paragraph at lines 80--80
\T1/lmr/m/n/10.95 both
 []


Overfull \hbox (20.1356pt too wide) in paragraph at lines 80--80
\T1/lmr/m/n/10.95 hands.| 
 []


Overfull \hbox (21.4439pt too wide) in paragraph at lines 80--80
[]|\T1/lmr/m/n/10.95 Rotate
 []


Overfull \hbox (9.86852pt too wide) in paragraph at lines 80--80
\T1/lmr/m/n/10.95 your
 []


Overfull \hbox (12.17628pt too wide) in paragraph at lines 80--80
\T1/lmr/m/n/10.95 wrist
 []


Overfull \hbox (6.6915pt too wide) in paragraph at lines 80--80
\T1/lmr/m/n/10.95 and
 []


Overfull \hbox (9.7637pt too wide) in paragraph at lines 80--80
\T1/lmr/m/n/10.95 turn
 []


Overfull \hbox (4.25844pt too wide) in paragraph at lines 80--80
\T1/lmr/m/n/10.95 the
 []


Overfull \hbox (10.6655pt too wide) in paragraph at lines 80--80
\T1/lmr/m/n/10.95 back
 []


Underfull \hbox (badness 10000) in paragraph at lines 80--80
\T1/lmr/m/n/10.95 of
 []


Overfull \hbox (9.86852pt too wide) in paragraph at lines 80--80
\T1/lmr/m/n/10.95 your
 []


Overfull \hbox (12.77475pt too wide) in paragraph at lines 80--80
\T1/lmr/m/n/10.95 hand
 []


Overfull \hbox (0.6048pt too wide) in paragraph at lines 80--80
\T1/lmr/m/n/10.95 to-
 []


Overfull \hbox (12.10669pt too wide) in paragraph at lines 80--80
\T1/lmr/m/n/10.95 ward
 []


Overfull \hbox (4.25844pt too wide) in paragraph at lines 80--80
\T1/lmr/m/n/10.95 the
 []


Overfull \hbox (10.33769pt too wide) in paragraph at lines 80--80
\T1/lmr/m/n/10.95 cam-
 []


Overfull \hbox (6.7221pt too wide) in paragraph at lines 80--80
\T1/lmr/m/n/10.95 era.| 
 []


Overfull \hbox (11.86238pt too wide) in paragraph at lines 80--80
[]|\T1/lmr/m/n/10.95 Hold
 []


Overfull \hbox (6.7526pt too wide) in paragraph at lines 80--80
\T1/lmr/m/n/10.95 still
 []


Overfull \hbox (6.6915pt too wide) in paragraph at lines 80--80
\T1/lmr/m/n/10.95 and
 []


Overfull \hbox (16.63895pt too wide) in paragraph at lines 80--80
\T1/lmr/m/n/10.95 watch
 []


Overfull \hbox (4.25844pt too wide) in paragraph at lines 80--80
\T1/lmr/m/n/10.95 the
 []


Overfull \hbox (16.72563pt too wide) in paragraph at lines 80--80
\T1/lmr/m/n/10.95 index-
 []


Overfull \hbox (15.62798pt too wide) in paragraph at lines 80--80
\T1/lmr/m/n/10.95 finger
 []


Overfull \hbox (7.90834pt too wide) in paragraph at lines 80--80
\T1/lmr/m/n/10.95 dot.| 
 []


Overfull \hbox (14.9048pt too wide) in paragraph at lines 80--80
[]|\T1/lmr/m/n/10.95 Make
 []


Underfull \hbox (badness 10000) in paragraph at lines 80--80
\T1/lmr/m/n/10.95 a
 []


Overfull \hbox (16.27301pt too wide) in paragraph at lines 80--80
\T1/lmr/m/n/10.95 Peace
 []


Overfull \hbox (9.4887pt too wide) in paragraph at lines 80--80
\T1/lmr/m/n/10.95 sign,
 []


Overfull \hbox (10.34169pt too wide) in paragraph at lines 80--80
\T1/lmr/m/n/10.95 then
 []


Underfull \hbox (badness 10000) in paragraph at lines 80--80
\T1/lmr/m/n/10.95 a
 []


Overfull \hbox (10.8591pt too wide) in paragraph at lines 80--80
\T1/lmr/m/n/10.95 Fist.| 
 []


Overfull \hbox (26.61438pt too wide) in paragraph at lines 80--80
[]|\T1/lmr/m/n/10.95 Remove
 []


Overfull \hbox (9.86852pt too wide) in paragraph at lines 80--80
\T1/lmr/m/n/10.95 your
 []


Overfull \hbox (18.61356pt too wide) in paragraph at lines 80--80
\T1/lmr/m/n/10.95 hands;
 []


Overfull \hbox (13.49924pt too wide) in paragraph at lines 80--80
\T1/lmr/m/n/10.95 cover
 []


Overfull \hbox (4.25844pt too wide) in paragraph at lines 80--80
\T1/lmr/m/n/10.95 the
 []


Overfull \hbox (10.40248pt too wide) in paragraph at lines 80--80
\T1/lmr/m/n/10.95 lens.| 
 []


Overfull \hbox (14.29591pt too wide) in paragraph at lines 80--80
[]|\T1/lmr/m/n/10.95 Press
 []


Overfull \hbox (14.29591pt too wide) in paragraph at lines 80--80
[]|\T1/lmr/m/n/10.95 Press
 []


Overfull \hbox (19.05pt too wide) in paragraph at lines 80--80
[]|\T1/zi4/m/n/10 python
 []


Overfull \hbox (68.8pt too wide) in paragraph at lines 80--80
\T1/zi4/m/n/10 hand\_tracker.py
 []


Overfull \hbox (23.05pt too wide) in paragraph at lines 80--80
\T1/zi4/m/n/10 --camera
 []


Overfull \hbox (131.23006pt too wide) in alignment at lines 80--80
[][][] 
 []


Package fancyhdr Warning: \headheight is too small (12.0pt): 
(fancyhdr)                Make it at least 21.99997pt, for example:
(fancyhdr)                \setlength{\headheight}{21.99997pt}.
(fancyhdr)                You might also make \topmargin smaller:
(fancyhdr)                \addtolength{\topmargin}{-9.99997pt}.

[86

]
Overfull \vbox (68.6819pt too high) has occurred while \output is active []



Package fancyhdr Warning: \headheight is too small (12.0pt): 
(fancyhdr)                Make it at least 21.99997pt, for example:
(fancyhdr)                \setlength{\headheight}{21.99997pt}.
(fancyhdr)                You might also make \topmargin smaller:
(fancyhdr)                \addtolength{\topmargin}{-9.99997pt}.

[87]
Underfull \hbox (badness 4686) in paragraph at lines 107--107
[]|\T1/lmr/m/n/10.95 MediaPipe was up-graded. Re-
 []


Underfull \hbox (badness 10000) in paragraph at lines 107--107
\T1/lmr/m/n/10.95 in-stall with \T1/zi4/m/n/10 pip install -r
 []


Underfull \hbox (badness 4316) in paragraph at lines 107--107
[]|\T1/lmr/m/n/10.95 Missing sys-tem li-braries for the
 []


Underfull \hbox (badness 10000) in paragraph at lines 107--107
\T1/lmr/m/n/10.95 non-headless OpenCV wheel:
 []


Underfull \hbox (badness 1796) in paragraph at lines 107--107
\T1/zi4/m/n/10 sudo apt-get install -y libgl1
 []


Underfull \hbox (badness 10000) in paragraph at lines 107--107
[]|\T1/lmr/m/n/10.95 Expected on a mir-rored feed.
 []


Underfull \hbox (badness 10000) in paragraph at lines 107--107
\T1/lmr/m/n/10.95 Display-only: re-launch with
 []


Underfull \hbox (badness 2393) in paragraph at lines 107--107
[]|\T1/lmr/m/n/10.95 The frame changed size be-tween
 []


Underfull \hbox (badness 10000) in paragraph at lines 107--107
[]|\T1/lmr/m/n/10.95 Reduce \T1/zi4/m/n/10 --width\T1/lmr/m/n/10.95 /\T1/zi4/m/
n/10 --height\T1/lmr/m/n/10.95 , or pass
 []


Package fancyhdr Warning: \headheight is too small (12.0pt): 
(fancyhdr)                Make it at least 21.99997pt, for example:
(fancyhdr)                \setlength{\headheight}{21.99997pt}.
(fancyhdr)                You might also make \topmargin smaller:
(fancyhdr)                \addtolength{\topmargin}{-9.99997pt}.

[88]
Appendix C.

Package fancyhdr Warning: \headheight is too small (12.0pt): 
(fancyhdr)                Make it at least 21.99997pt, for example:
(fancyhdr)                \setlength{\headheight}{21.99997pt}.
(fancyhdr)                You might also make \topmargin smaller:
(fancyhdr)                \addtolength{\topmargin}{-9.99997pt}.

[89

]
Underfull \hbox (badness 10000) in paragraph at lines 179--179
[]|\T1/lmr/m/n/10.95 Confidence
 []


Underfull \hbox (badness 3417) in paragraph at lines 179--179
\T1/lmr/m/n/10.95 to keep \T1/lmr/m/it/10.95 fol-
 []


Underfull \hbox (badness 10000) in paragraph at lines 179--179
\T1/lmr/m/it/10.95 low-ing \T1/lmr/m/n/10.95 a
 []


Underfull \hbox (badness 10000) in paragraph at lines 179--179
[]|\T1/lmr/m/n/10.95 Hands
 []


Underfull \hbox (badness 10000) in paragraph at lines 179--179
\T1/lmr/m/n/10.95 searched
 []


Underfull \hbox (badness 10000) in paragraph at lines 179--179
\T1/lmr/m/n/10.95 for a land-
 []


Underfull \hbox (badness 10000) in paragraph at lines 179--179
[]|\T1/lmr/m/n/10.95 The thumb
 []


Underfull \hbox (badness 10000) in paragraph at lines 179--179
\T1/lmr/m/n/10.95 rule's three
 []


Underfull \hbox (badness 10000) in paragraph at lines 179--179
[]|\T1/lmr/m/n/10.95 The land-
 []


Underfull \hbox (badness 10000) in paragraph at lines 179--179
\T1/lmr/m/n/10.95 mark car-
 []


Underfull \hbox (badness 10000) in paragraph at lines 179--179
\T1/lmr/m/n/10.95 ry-ing the
 []


Underfull \hbox (badness 10000) in paragraph at lines 179--179
\T1/lmr/m/n/10.95 smoothed
 []


Underfull \hbox (badness 10000) in paragraph at lines 179--179
[]|\T1/lmr/m/n/10.95 Smoothing
 []


Underfull \hbox (badness 10000) in paragraph at lines 179--179
\T1/lmr/m/n/10.95 weight on
 []


Underfull \hbox (badness 10000) in paragraph at lines 179--179
\T1/lmr/m/n/10.95 the newest
 []


Underfull \hbox (badness 10000) in paragraph at lines 179--179
[]|\T1/lmr/m/n/10.95 Debouncer
 []


Underfull \hbox (badness 7151) in paragraph at lines 179--179
\T1/lmr/m/n/10.95 win-dow and
 []


Underfull \hbox (badness 10000) in paragraph at lines 179--179
\T1/lmr/m/n/10.95 re-quired
 []


Underfull \hbox (badness 10000) in paragraph at lines 179--179
[]|\T1/lmr/m/n/10.95 Overlay
 []


Underfull \hbox (badness 2165) in paragraph at lines 179--179
[]|\T1/lmr/m/n/10.95 Frames av-er-
 []


Underfull \hbox (badness 1902) in paragraph at lines 179--179
[]|\T1/lmr/m/n/10.95 Live cap-ture
 []


Package fancyhdr Warning: \headheight is too small (12.0pt): 
(fancyhdr)                Make it at least 21.99997pt, for example:
(fancyhdr)                \setlength{\headheight}{21.99997pt}.
(fancyhdr)                You might also make \topmargin smaller:
(fancyhdr)                \addtolength{\topmargin}{-9.99997pt}.

[90])

Package fancyhdr Warning: \headheight is too small (12.0pt): 
(fancyhdr)                Make it at least 21.99997pt, for example:
(fancyhdr)                \setlength{\headheight}{21.99997pt}.
(fancyhdr)                You might also make \topmargin smaller:
(fancyhdr)                \addtolength{\topmargin}{-9.99997pt}.

[91] (Study-Handbook.aux)
 ***********
LaTeX2e <2025-11-01>
L3 programming layer <2025-12-24>
 ***********


LaTeX Font Warning: Some font shapes were not available, defaults substituted.


LaTeX Warning: Label(s) may have changed. Rerun to get cross-references right.

Package rerunfilecheck Info: File `Study-Handbook.out' has not changed.
(rerunfilecheck)             Checksum: 1E2490EF6F25AC3B1D37FFA743723261;23048.
 ) 
Here is how much of TeX's memory you used:
 34768 strings out of 402987
 679939 string characters out of 5448524
 1741245 words of memory out of 5000000
 62857 multiletter control sequences out of 15000+600000
 754935 words of font info for 132 fonts, out of 8000000 for 9000
 1348 hyphenation exceptions out of 8191
 98i,14n,117p,1013b,2114s stack positions out of 10000i,1000n,20000p,200000b,200000s

Output written on Study-Handbook.pdf (91 pages).
